"dateupdated","cnty_cod","county","totalcases","confirmedcases","probablecases","totalcaserate","hospitalization","totaldeaths","confirmeddeaths","probabledeaths"
2020-05-21 00:00:00,1,"Fairfield",14889,NA,NA,1578,226,1195,NA,NA
2020-05-21 00:00:00,2,"Hartford",9463,NA,NA,1060,184,1155,NA,NA
2020-05-21 00:00:00,3,"Litchfield",1298,NA,NA,717,6,121,NA,NA
2020-05-21 00:00:00,4,"Middlesex",992,NA,NA,610,28,135,NA,NA
2020-05-21 00:00:00,5,"New Haven",10756,NA,NA,1254,272,888,NA,NA
2020-05-21 00:00:00,6,"New London",910,NA,NA,341,21,72,NA,NA
2020-05-21 00:00:00,7,"Tolland",796,NA,NA,527,0,55,NA,NA
2020-05-21 00:00:00,8,"Windham",348,NA,NA,297,3,14,NA,NA
2020-05-22 00:00:00,1,"Fairfield",14989,NA,NA,1588,227,1208,NA,NA
2020-05-22 00:00:00,2,"Hartford",9545,NA,NA,1069,179,1169,NA,NA
2020-05-22 00:00:00,3,"Litchfield",1304,NA,NA,720,5,122,NA,NA
2020-05-22 00:00:00,4,"Middlesex",999,NA,NA,614,25,136,NA,NA
2020-05-22 00:00:00,5,"New Haven",10847,NA,NA,1265,265,897,NA,NA
2020-05-22 00:00:00,6,"New London",970,NA,NA,364,20,72,NA,NA
2020-05-22 00:00:00,7,"Tolland",799,NA,NA,529,0,55,NA,NA
2020-05-22 00:00:00,8,"Windham",354,NA,NA,302,3,14,NA,NA
2020-05-23 00:00:00,1,"Fairfield",15114,NA,NA,1601,232,1215,NA,NA
2020-05-23 00:00:00,2,"Hartford",9686,NA,NA,1085,164,1175,NA,NA
2020-05-23 00:00:00,3,"Litchfield",1331,NA,NA,735,5,121,NA,NA
2020-05-23 00:00:00,4,"Middlesex",1010,NA,NA,621,26,136,NA,NA
2020-05-23 00:00:00,5,"New Haven",10905,NA,NA,1272,254,903,NA,NA
2020-05-23 00:00:00,6,"New London",1046,NA,NA,392,17,74,NA,NA
2020-05-23 00:00:00,7,"Tolland",807,NA,NA,535,0,55,NA,NA
2020-05-23 00:00:00,8,"Windham",359,NA,NA,307,3,14,NA,NA
2020-05-24 00:00:00,1,"Fairfield",15213,NA,NA,1612,233,1221,NA,NA
2020-05-24 00:00:00,2,"Hartford",9841,NA,NA,1102,166,1187,NA,NA
2020-05-24 00:00:00,3,"Litchfield",1346,NA,NA,743,6,126,NA,NA
2020-05-24 00:00:00,4,"Middlesex",1012,NA,NA,622,29,138,NA,NA
2020-05-24 00:00:00,5,"New Haven",11017,NA,NA,1285,253,922,NA,NA
2020-05-24 00:00:00,6,"New London",1043,NA,NA,391,16,78,NA,NA
2020-05-24 00:00:00,7,"Tolland",812,NA,NA,538,0,56,NA,NA
2020-05-24 00:00:00,8,"Windham",365,NA,NA,312,3,14,NA,NA
2020-05-25 00:00:00,1,"Fairfield",15355,NA,NA,1627,225,1231,NA,NA
2020-05-25 00:00:00,2,"Hartford",9917,NA,NA,1111,173,1193,NA,NA
2020-05-25 00:00:00,3,"Litchfield",1360,NA,NA,751,4,129,NA,NA
2020-05-25 00:00:00,4,"Middlesex",1026,NA,NA,631,28,142,NA,NA
2020-05-25 00:00:00,5,"New Haven",11121,NA,NA,1297,248,925,NA,NA
2020-05-25 00:00:00,6,"New London",1075,NA,NA,403,14,78,NA,NA
2020-05-25 00:00:00,7,"Tolland",821,NA,NA,544,0,56,NA,NA
2020-05-25 00:00:00,8,"Windham",371,NA,NA,317,2,14,NA,NA
2020-05-26 00:00:00,1,"Fairfield",15314,NA,NA,1623,220,1242,NA,NA
2020-05-26 00:00:00,2,"Hartford",9962,NA,NA,1116,165,1203,NA,NA
2020-05-26 00:00:00,3,"Litchfield",1360,NA,NA,751,5,130,NA,NA
2020-05-26 00:00:00,4,"Middlesex",1061,NA,NA,652,30,143,NA,NA
2020-05-26 00:00:00,5,"New Haven",11124,NA,NA,1297,248,934,NA,NA
2020-05-26 00:00:00,6,"New London",1053,NA,NA,395,15,79,NA,NA
2020-05-26 00:00:00,7,"Tolland",815,NA,NA,540,0,57,NA,NA
2020-05-26 00:00:00,8,"Windham",371,NA,NA,317,1,14,NA,NA
2020-05-27 00:00:00,1,"Fairfield",15353,NA,NA,1627,211,1246,NA,NA
2020-05-27 00:00:00,2,"Hartford",10078,NA,NA,1129,158,1208,NA,NA
2020-05-27 00:00:00,3,"Litchfield",1366,NA,NA,754,8,128,NA,NA
2020-05-27 00:00:00,4,"Middlesex",1082,NA,NA,665,24,144,NA,NA
2020-05-27 00:00:00,5,"New Haven",11198,NA,NA,1306,232,946,NA,NA
2020-05-27 00:00:00,6,"New London",1067,NA,NA,400,12,83,NA,NA
2020-05-27 00:00:00,7,"Tolland",822,NA,NA,545,2,57,NA,NA
2020-05-27 00:00:00,8,"Windham",375,NA,NA,320,1,14,NA,NA
2020-05-28 00:00:00,1,"Fairfield",15409,NA,NA,1633,188,1257,NA,NA
2020-05-28 00:00:00,2,"Hartford",10146,NA,NA,1137,138,1222,NA,NA
2020-05-28 00:00:00,3,"Litchfield",1375,NA,NA,759,5,130,NA,NA
2020-05-28 00:00:00,4,"Middlesex",1090,NA,NA,670,22,146,NA,NA
2020-05-28 00:00:00,5,"New Haven",11241,NA,NA,1311,207,957,NA,NA
2020-05-28 00:00:00,6,"New London",1068,NA,NA,400,12,85,NA,NA
2020-05-28 00:00:00,7,"Tolland",827,NA,NA,548,2,57,NA,NA
2020-05-28 00:00:00,8,"Windham",380,NA,NA,325,3,14,NA,NA
2020-05-29 00:00:00,1,"Fairfield",15502,NA,NA,1642,176,1267,NA,NA
2020-05-29 00:00:00,2,"Hartford",10207,NA,NA,1143,120,1238,NA,NA
2020-05-29 00:00:00,3,"Litchfield",1381,NA,NA,763,3,131,NA,NA
2020-05-29 00:00:00,4,"Middlesex",1104,NA,NA,679,22,150,NA,NA
2020-05-29 00:00:00,5,"New Haven",11309,NA,NA,1319,195,966,NA,NA
2020-05-29 00:00:00,6,"New London",1076,NA,NA,403,13,89,NA,NA
2020-05-29 00:00:00,7,"Tolland",833,NA,NA,552,2,57,NA,NA
2020-05-29 00:00:00,8,"Windham",381,NA,NA,326,2,14,NA,NA
2020-05-30 00:00:00,1,"Fairfield",15549,NA,NA,1647,163,1277,NA,NA
2020-05-30 00:00:00,2,"Hartford",10296,NA,NA,1153,107,1250,NA,NA
2020-05-30 00:00:00,3,"Litchfield",1397,NA,NA,771,2,133,NA,NA
2020-05-30 00:00:00,4,"Middlesex",1104,NA,NA,679,23,152,NA,NA
2020-05-30 00:00:00,5,"New Haven",11323,NA,NA,1320,170,972,NA,NA
2020-05-30 00:00:00,6,"New London",1078,NA,NA,404,11,89,NA,NA
2020-05-30 00:00:00,7,"Tolland",836,NA,NA,554,2,57,NA,NA
2020-05-30 00:00:00,8,"Windham",384,NA,NA,328,3,14,NA,NA
2020-03-24 00:00:00,3,"Litchfield",22,NA,NA,NA,3,0,NA,NA
2020-03-24 00:00:00,2,"Hartford",88,NA,NA,NA,17,2,NA,NA
2020-03-24 00:00:00,7,"Tolland",19,NA,NA,NA,4,3,NA,NA
2020-03-24 00:00:00,8,"Windham",2,NA,NA,NA,0,0,NA,NA
2020-03-24 00:00:00,6,"New London",6,NA,NA,NA,1,0,NA,NA
2020-03-24 00:00:00,1,"Fairfield",384,NA,NA,NA,23,7,NA,NA
2020-03-24 00:00:00,4,"Middlesex",8,NA,NA,NA,4,0,NA,NA
2020-03-24 00:00:00,5,"New Haven",89,NA,NA,NA,19,0,NA,NA
2020-03-25 00:00:00,1,"Fairfield",546,NA,NA,NA,47,12,NA,NA
2020-03-25 00:00:00,2,"Hartford",116,NA,NA,NA,24,2,NA,NA
2020-03-25 00:00:00,3,"Litchfield",33,NA,NA,NA,3,0,NA,NA
2020-03-25 00:00:00,4,"Middlesex",15,NA,NA,NA,4,0,NA,NA
2020-03-25 00:00:00,5,"New Haven",127,NA,NA,NA,28,2,NA,NA
2020-03-25 00:00:00,6,"New London",9,NA,NA,NA,2,0,NA,NA
2020-03-25 00:00:00,7,"Tolland",27,NA,NA,NA,5,3,NA,NA
2020-03-25 00:00:00,8,"Windham",2,NA,NA,NA,0,0,NA,NA
2020-03-26 00:00:00,1,"Fairfield",607,NA,NA,NA,49,13,NA,NA
2020-03-26 00:00:00,2,"Hartford",138,NA,NA,NA,27,2,NA,NA
2020-03-26 00:00:00,3,"Litchfield",44,NA,NA,NA,3,0,NA,NA
2020-03-26 00:00:00,4,"Middlesex",18,NA,NA,NA,5,1,NA,NA
2020-03-26 00:00:00,5,"New Haven",156,NA,NA,NA,34,2,NA,NA
2020-03-26 00:00:00,6,"New London",13,NA,NA,NA,2,0,NA,NA
2020-03-26 00:00:00,7,"Tolland",33,NA,NA,NA,5,3,NA,NA
2020-03-26 00:00:00,8,"Windham",3,NA,NA,NA,0,0,NA,NA
2020-03-27 00:00:00,1,"Fairfield",752,NA,NA,NA,68,15,NA,NA
2020-03-27 00:00:00,2,"Hartford",189,NA,NA,NA,36,2,NA,NA
2020-03-27 00:00:00,3,"Litchfield",52,NA,NA,NA,9,0,NA,NA
2020-03-27 00:00:00,4,"Middlesex",25,NA,NA,NA,5,1,NA,NA
2020-03-27 00:00:00,5,"New Haven",222,NA,NA,NA,46,6,NA,NA
2020-03-27 00:00:00,6,"New London",15,NA,NA,NA,2,0,NA,NA
2020-03-27 00:00:00,7,"Tolland",33,NA,NA,NA,7,3,NA,NA
2020-03-27 00:00:00,8,"Windham",3,NA,NA,NA,0,0,NA,NA
2020-03-28 00:00:00,1,"Fairfield",908,NA,NA,NA,88,20,NA,NA
2020-03-28 00:00:00,2,"Hartford",228,NA,NA,NA,41,2,NA,NA
2020-03-28 00:00:00,3,"Litchfield",65,NA,NA,NA,12,0,NA,NA
2020-03-28 00:00:00,4,"Middlesex",28,NA,NA,NA,5,1,NA,NA
2020-03-28 00:00:00,5,"New Haven",236,NA,NA,NA,50,6,NA,NA
2020-03-28 00:00:00,6,"New London",19,NA,NA,NA,2,0,NA,NA
2020-03-28 00:00:00,7,"Tolland",37,NA,NA,NA,7,4,NA,NA
2020-03-28 00:00:00,8,"Windham",3,NA,NA,NA,0,0,NA,NA
2020-03-29 00:00:00,1,"Fairfield",1245,NA,NA,NA,189,21,NA,NA
2020-03-29 00:00:00,2,"Hartford",276,NA,NA,NA,67,2,NA,NA
2020-03-29 00:00:00,3,"Litchfield",87,NA,NA,NA,5,0,NA,NA
2020-03-29 00:00:00,4,"Middlesex",38,NA,NA,NA,1,1,NA,NA
2020-03-29 00:00:00,5,"New Haven",280,NA,NA,NA,137,6,NA,NA
2020-03-29 00:00:00,6,"New London",20,NA,NA,NA,4,0,NA,NA
2020-03-29 00:00:00,7,"Tolland",40,NA,NA,NA,0,4,NA,NA
2020-03-29 00:00:00,8,"Windham",7,NA,NA,NA,1,0,NA,NA
2020-03-30 00:00:00,1,"Fairfield",1445,NA,NA,NA,101,21,NA,NA
2020-03-30 00:00:00,2,"Hartford",330,NA,NA,NA,59,3,NA,NA
2020-03-30 00:00:00,3,"Litchfield",113,NA,NA,NA,18,1,NA,NA
2020-03-30 00:00:00,4,"Middlesex",50,NA,NA,NA,6,1,NA,NA
2020-03-30 00:00:00,5,"New Haven",373,NA,NA,NA,55,6,NA,NA
2020-03-30 00:00:00,6,"New London",24,NA,NA,NA,4,0,NA,NA
2020-03-30 00:00:00,7,"Tolland",50,NA,NA,NA,7,4,NA,NA
2020-03-30 00:00:00,8,"Windham",10,NA,NA,NA,0,0,NA,NA
2020-03-31 00:00:00,1,"Fairfield",1870,NA,NA,NA,275,38,NA,NA
2020-03-31 00:00:00,2,"Hartford",393,NA,NA,NA,110,7,NA,NA
2020-03-31 00:00:00,3,"Litchfield",121,NA,NA,NA,7,1,NA,NA
2020-03-31 00:00:00,4,"Middlesex",56,NA,NA,NA,5,1,NA,NA
2020-03-31 00:00:00,5,"New Haven",517,NA,NA,NA,202,12,NA,NA
2020-03-31 00:00:00,6,"New London",27,NA,NA,NA,8,1,NA,NA
2020-03-31 00:00:00,7,"Tolland",56,NA,NA,NA,1,7,NA,NA
2020-03-31 00:00:00,8,"Windham",11,NA,NA,NA,0,0,NA,NA
2020-04-01 00:00:00,1,"Fairfield",1986,NA,NA,NA,359,46,NA,NA
2020-04-01 00:00:00,2,"Hartford",469,NA,NA,NA,126,11,NA,NA
2020-04-01 00:00:00,3,"Litchfield",131,NA,NA,NA,11,1,NA,NA
2020-04-01 00:00:00,4,"Middlesex",66,NA,NA,NA,8,2,NA,NA
2020-04-01 00:00:00,5,"New Haven",611,NA,NA,NA,251,15,NA,NA
2020-04-01 00:00:00,6,"New London",29,NA,NA,NA,10,1,NA,NA
2020-04-01 00:00:00,7,"Tolland",61,NA,NA,NA,1,7,NA,NA
2020-04-01 00:00:00,8,"Windham",19,NA,NA,NA,0,0,NA,NA
2020-04-02 00:00:00,1,"Fairfield",2132,NA,NA,NA,381,65,NA,NA
2020-04-02 00:00:00,2,"Hartford",539,NA,NA,NA,136,13,NA,NA
2020-04-02 00:00:00,3,"Litchfield",141,NA,NA,NA,11,2,NA,NA
2020-04-02 00:00:00,4,"Middlesex",74,NA,NA,NA,11,3,NA,NA
2020-04-02 00:00:00,5,"New Haven",647,NA,NA,NA,274,17,NA,NA
2020-04-02 00:00:00,6,"New London",29,NA,NA,NA,9,1,NA,NA
2020-04-02 00:00:00,7,"Tolland",67,NA,NA,NA,2,10,NA,NA
2020-04-02 00:00:00,8,"Windham",21,NA,NA,NA,3,0,NA,NA
2020-04-03 00:00:00,1,"Fairfield",2716,NA,NA,NA,409,75,NA,NA
2020-04-03 00:00:00,2,"Hartford",679,NA,NA,NA,166,18,NA,NA
2020-04-03 00:00:00,3,"Litchfield",173,NA,NA,NA,14,4,NA,NA
2020-04-03 00:00:00,4,"Middlesex",91,NA,NA,NA,12,2,NA,NA
2020-04-03 00:00:00,5,"New Haven",891,NA,NA,NA,293,18,NA,NA
2020-04-03 00:00:00,6,"New London",40,NA,NA,NA,9,3,NA,NA
2020-04-03 00:00:00,7,"Tolland",79,NA,NA,NA,3,10,NA,NA
2020-04-03 00:00:00,8,"Windham",27,NA,NA,NA,3,0,NA,NA
2020-04-04 00:00:00,1,"Fairfield",2824,NA,NA,NA,475,86,NA,NA
2020-04-04 00:00:00,2,"Hartford",726,NA,NA,NA,184,26,NA,NA
2020-04-04 00:00:00,3,"Litchfield",182,NA,NA,NA,15,5,NA,NA
2020-04-04 00:00:00,4,"Middlesex",100,NA,NA,NA,19,4,NA,NA
2020-04-04 00:00:00,5,"New Haven",1024,NA,NA,NA,324,29,NA,NA
2020-04-04 00:00:00,6,"New London",57,NA,NA,NA,10,3,NA,NA
2020-04-04 00:00:00,7,"Tolland",91,NA,NA,NA,3,10,NA,NA
2020-04-04 00:00:00,8,"Windham",31,NA,NA,NA,3,1,NA,NA
2020-04-05 00:00:00,1,"Fairfield",3050,NA,NA,NA,531,96,NA,NA
2020-04-05 00:00:00,2,"Hartford",751,NA,NA,NA,189,29,NA,NA
2020-04-05 00:00:00,3,"Litchfield",197,NA,NA,NA,15,6,NA,NA
2020-04-05 00:00:00,4,"Middlesex",110,NA,NA,NA,19,5,NA,NA
2020-04-05 00:00:00,5,"New Haven",1162,NA,NA,NA,372,36,NA,NA
2020-04-05 00:00:00,6,"New London",57,NA,NA,NA,10,4,NA,NA
2020-04-05 00:00:00,7,"Tolland",94,NA,NA,NA,3,11,NA,NA
2020-04-05 00:00:00,8,"Windham",32,NA,NA,NA,3,1,NA,NA
2020-04-06 00:00:00,1,"Fairfield",3719,NA,NA,NA,572,101,NA,NA
2020-04-06 00:00:00,2,"Hartford",882,NA,NA,NA,213,31,NA,NA
2020-04-06 00:00:00,3,"Litchfield",230,NA,NA,NA,15,8,NA,NA
2020-04-06 00:00:00,4,"Middlesex",135,NA,NA,NA,22,7,NA,NA
2020-04-06 00:00:00,5,"New Haven",1468,NA,NA,NA,384,41,NA,NA
2020-04-06 00:00:00,6,"New London",65,NA,NA,NA,10,4,NA,NA
2020-04-06 00:00:00,7,"Tolland",103,NA,NA,NA,3,13,NA,NA
2020-04-06 00:00:00,8,"Windham",40,NA,NA,NA,2,1,NA,NA
2020-04-07 00:00:00,1,"Fairfield",4136,NA,NA,NA,613,132,NA,NA
2020-04-07 00:00:00,2,"Hartford",1045,NA,NA,NA,243,48,NA,NA
2020-04-07 00:00:00,3,"Litchfield",255,NA,NA,NA,17,9,NA,NA
2020-04-07 00:00:00,4,"Middlesex",150,NA,NA,NA,26,7,NA,NA
2020-04-07 00:00:00,5,"New Haven",1664,NA,NA,NA,390,60,NA,NA
2020-04-07 00:00:00,6,"New London",85,NA,NA,NA,12,4,NA,NA
2020-04-07 00:00:00,7,"Tolland",111,NA,NA,NA,4,13,NA,NA
2020-04-07 00:00:00,8,"Windham",43,NA,NA,NA,3,1,NA,NA
2020-04-08 00:00:00,1,"Fairfield",4417,NA,NA,NA,665,155,NA,NA
2020-04-08 00:00:00,2,"Hartford",1290,NA,NA,NA,251,68,NA,NA
2020-04-08 00:00:00,3,"Litchfield",292,NA,NA,NA,20,12,NA,NA
2020-04-08 00:00:00,4,"Middlesex",174,NA,NA,NA,28,9,NA,NA
2020-04-08 00:00:00,5,"New Haven",1945,NA,NA,NA,428,70,NA,NA
2020-04-08 00:00:00,6,"New London",120,NA,NA,NA,16,5,NA,NA
2020-04-08 00:00:00,7,"Tolland",128,NA,NA,NA,7,13,NA,NA
2020-04-08 00:00:00,8,"Windham",49,NA,NA,NA,3,1,NA,NA
2020-04-09 00:00:00,1,"Fairfield",4882,NA,NA,NA,664,178,NA,NA
2020-04-09 00:00:00,2,"Hartford",1471,NA,NA,NA,276,75,NA,NA
2020-04-09 00:00:00,3,"Litchfield",315,NA,NA,NA,25,13,NA,NA
2020-04-09 00:00:00,4,"Middlesex",205,NA,NA,NA,26,14,NA,NA
2020-04-09 00:00:00,5,"New Haven",2183,NA,NA,NA,447,78,NA,NA
2020-04-09 00:00:00,6,"New London",139,NA,NA,NA,15,6,NA,NA
2020-04-09 00:00:00,7,"Tolland",145,NA,NA,NA,7,13,NA,NA
2020-04-09 00:00:00,8,"Windham",52,NA,NA,NA,4,1,NA,NA
2020-04-10 00:00:00,1,"Fairfield",5180,NA,NA,NA,685,203,NA,NA
2020-04-10 00:00:00,2,"Hartford",1615,NA,NA,NA,296,88,NA,NA
2020-04-10 00:00:00,3,"Litchfield",346,NA,NA,NA,32,16,NA,NA
2020-04-10 00:00:00,4,"Middlesex",240,NA,NA,NA,28,17,NA,NA
2020-04-10 00:00:00,5,"New Haven",2383,NA,NA,NA,493,98,NA,NA
2020-04-10 00:00:00,6,"New London",156,NA,NA,NA,17,7,NA,NA
2020-04-10 00:00:00,7,"Tolland",152,NA,NA,NA,6,14,NA,NA
2020-04-10 00:00:00,8,"Windham",59,NA,NA,NA,5,1,NA,NA
2020-04-11 00:00:00,1,"Fairfield",5407,NA,NA,NA,676,220,NA,NA
2020-04-11 00:00:00,2,"Hartford",1832,NA,NA,NA,311,101,NA,NA
2020-04-11 00:00:00,3,"Litchfield",388,NA,NA,NA,38,20,NA,NA
2020-04-11 00:00:00,4,"Middlesex",290,NA,NA,NA,27,18,NA,NA
2020-04-11 00:00:00,5,"New Haven",2715,NA,NA,NA,514,107,NA,NA
2020-04-11 00:00:00,6,"New London",185,NA,NA,NA,16,7,NA,NA
2020-04-11 00:00:00,7,"Tolland",171,NA,NA,NA,7,15,NA,NA
2020-04-11 00:00:00,8,"Windham",66,NA,NA,NA,4,1,NA,NA
2020-04-12 00:00:00,1,"Fairfield",5534,NA,NA,NA,688,248,NA,NA
2020-04-12 00:00:00,2,"Hartford",1914,NA,NA,NA,333,116,NA,NA
2020-04-12 00:00:00,3,"Litchfield",403,NA,NA,NA,39,24,NA,NA
2020-04-12 00:00:00,4,"Middlesex",299,NA,NA,NA,32,18,NA,NA
2020-04-12 00:00:00,5,"New Haven",2946,NA,NA,NA,535,119,NA,NA
2020-04-12 00:00:00,6,"New London",190,NA,NA,NA,16,7,NA,NA
2020-04-12 00:00:00,7,"Tolland",182,NA,NA,NA,7,17,NA,NA
2020-04-12 00:00:00,8,"Windham",66,NA,NA,NA,4,1,NA,NA
2020-04-13 00:00:00,1,"Fairfield",6004,NA,NA,NA,710,262,NA,NA
2020-04-13 00:00:00,2,"Hartford",2243,NA,NA,NA,361,133,NA,NA
2020-04-13 00:00:00,3,"Litchfield",446,NA,NA,NA,37,24,NA,NA
2020-04-13 00:00:00,4,"Middlesex",339,NA,NA,NA,35,19,NA,NA
2020-04-13 00:00:00,5,"New Haven",3358,NA,NA,NA,580,135,NA,NA
2020-04-13 00:00:00,6,"New London",222,NA,NA,NA,20,7,NA,NA
2020-04-13 00:00:00,7,"Tolland",195,NA,NA,NA,13,17,NA,NA
2020-04-13 00:00:00,8,"Windham",83,NA,NA,NA,4,1,NA,NA
2020-04-14 00:00:00,1,"Fairfield",6213,NA,NA,NA,731,287,NA,NA
2020-04-14 00:00:00,2,"Hartford",2370,NA,NA,NA,369,153,NA,NA
2020-04-14 00:00:00,3,"Litchfield",460,NA,NA,NA,35,29,NA,NA
2020-04-14 00:00:00,4,"Middlesex",355,NA,NA,NA,38,21,NA,NA
2020-04-14 00:00:00,5,"New Haven",3543,NA,NA,NA,572,151,NA,NA
2020-04-14 00:00:00,6,"New London",227,NA,NA,NA,17,7,NA,NA
2020-04-14 00:00:00,7,"Tolland",201,NA,NA,NA,12,18,NA,NA
2020-04-14 00:00:00,8,"Windham",87,NA,NA,NA,5,1,NA,NA
2020-04-15 00:00:00,1,"Fairfield",6480,NA,NA,NA,784,365,NA,NA
2020-04-15 00:00:00,2,"Hartford",2570,NA,NA,NA,402,213,NA,NA
2020-04-15 00:00:00,3,"Litchfield",490,NA,NA,NA,32,35,NA,NA
2020-04-15 00:00:00,4,"Middlesex",379,NA,NA,NA,40,28,NA,NA
2020-04-15 00:00:00,5,"New Haven",3758,NA,NA,NA,612,195,NA,NA
2020-04-15 00:00:00,6,"New London",236,NA,NA,NA,21,7,NA,NA
2020-04-15 00:00:00,7,"Tolland",216,NA,NA,NA,11,22,NA,NA
2020-04-15 00:00:00,8,"Windham",89,NA,NA,NA,6,1,NA,NA
2020-04-16 00:00:00,1,"Fairfield",6816,NA,NA,NA,787,406,NA,NA
2020-04-16 00:00:00,2,"Hartford",2859,NA,NA,NA,420,243,NA,NA
2020-04-16 00:00:00,3,"Litchfield",535,NA,NA,NA,27,44,NA,NA
2020-04-16 00:00:00,4,"Middlesex",394,NA,NA,NA,39,30,NA,NA
2020-04-16 00:00:00,5,"New Haven",4163,NA,NA,NA,613,214,NA,NA
2020-04-16 00:00:00,6,"New London",255,NA,NA,NA,23,9,NA,NA
2020-04-16 00:00:00,7,"Tolland",241,NA,NA,NA,11,22,NA,NA
2020-04-16 00:00:00,8,"Windham",87,NA,NA,NA,6,1,NA,NA
2020-04-17 00:00:00,1,"Fairfield",7146,NA,NA,NA,797,425,NA,NA
2020-04-17 00:00:00,2,"Hartford",3015,NA,NA,NA,410,266,NA,NA
2020-04-17 00:00:00,3,"Litchfield",569,NA,NA,NA,28,46,NA,NA
2020-04-17 00:00:00,4,"Middlesex",422,NA,NA,NA,37,32,NA,NA
2020-04-17 00:00:00,5,"New Haven",4520,NA,NA,NA,633,229,NA,NA
2020-04-17 00:00:00,6,"New London",292,NA,NA,NA,22,10,NA,NA
2020-04-17 00:00:00,7,"Tolland",258,NA,NA,NA,12,24,NA,NA
2020-04-17 00:00:00,8,"Windham",92,NA,NA,NA,7,2,NA,NA
2020-04-18 00:00:00,1,"Fairfield",7363,NA,NA,NA,776,432,NA,NA
2020-04-18 00:00:00,2,"Hartford",3196,NA,NA,NA,417,289,NA,NA
2020-04-18 00:00:00,3,"Litchfield",593,NA,NA,NA,30,48,NA,NA
2020-04-18 00:00:00,4,"Middlesex",448,NA,NA,NA,36,37,NA,NA
2020-04-18 00:00:00,5,"New Haven",4743,NA,NA,NA,638,241,NA,NA
2020-04-18 00:00:00,6,"New London",315,NA,NA,NA,23,10,NA,NA
2020-04-18 00:00:00,7,"Tolland",270,NA,NA,NA,14,24,NA,NA
2020-04-18 00:00:00,8,"Windham",97,NA,NA,NA,4,2,NA,NA
2020-04-19 00:00:00,1,"Fairfield",7434,NA,NA,NA,746,447,NA,NA
2020-04-19 00:00:00,2,"Hartford",3351,NA,NA,NA,420,295,NA,NA
2020-04-19 00:00:00,3,"Litchfield",600,NA,NA,NA,27,48,NA,NA
2020-04-19 00:00:00,4,"Middlesex",462,NA,NA,NA,33,40,NA,NA
2020-04-19 00:00:00,5,"New Haven",4871,NA,NA,NA,633,257,NA,NA
2020-04-19 00:00:00,6,"New London",339,NA,NA,NA,26,10,NA,NA
2020-04-19 00:00:00,7,"Tolland",276,NA,NA,NA,12,24,NA,NA
2020-04-19 00:00:00,8,"Windham",100,NA,NA,NA,4,2,NA,NA
2020-04-20 00:00:00,1,"Fairfield",8320,NA,NA,NA,733,512,NA,NA
2020-04-20 00:00:00,2,"Hartford",3823,NA,NA,NA,455,369,NA,NA
2020-04-20 00:00:00,3,"Litchfield",639,NA,NA,NA,23,58,NA,NA
2020-04-20 00:00:00,4,"Middlesex",484,NA,NA,NA,36,45,NA,NA
2020-04-20 00:00:00,5,"New Haven",5272,NA,NA,NA,626,301,NA,NA
2020-04-20 00:00:00,6,"New London",356,NA,NA,NA,29,13,NA,NA
2020-04-20 00:00:00,7,"Tolland",299,NA,NA,NA,13,27,NA,NA
2020-04-20 00:00:00,8,"Windham",108,NA,NA,NA,4,2,NA,NA
2020-04-21 00:00:00,1,"Fairfield",8472,NA,NA,NA,735,544,NA,NA
2020-04-21 00:00:00,2,"Hartford",3951,NA,NA,NA,473,402,NA,NA
2020-04-21 00:00:00,3,"Litchfield",643,NA,NA,NA,23,59,NA,NA
2020-04-21 00:00:00,4,"Middlesex",512,NA,NA,NA,40,47,NA,NA
2020-04-21 00:00:00,5,"New Haven",5493,NA,NA,NA,625,322,NA,NA
2020-04-21 00:00:00,6,"New London",369,NA,NA,NA,35,13,NA,NA
2020-04-21 00:00:00,7,"Tolland",305,NA,NA,NA,13,30,NA,NA
2020-04-21 00:00:00,8,"Windham",112,NA,NA,NA,5,2,NA,NA
2020-04-22 00:00:00,1,"Fairfield",9883,NA,NA,NA,749,584,NA,NA
2020-04-22 00:00:00,2,"Hartford",4128,NA,NA,NA,495,442,NA,NA
2020-04-22 00:00:00,3,"Litchfield",722,NA,NA,NA,20,63,NA,NA
2020-04-22 00:00:00,4,"Middlesex",525,NA,NA,NA,42,53,NA,NA
2020-04-22 00:00:00,5,"New Haven",5811,NA,NA,NA,620,345,NA,NA
2020-04-22 00:00:00,6,"New London",397,NA,NA,NA,32,14,NA,NA
2020-04-22 00:00:00,7,"Tolland",331,NA,NA,NA,11,32,NA,NA
2020-04-22 00:00:00,8,"Windham",122,NA,NA,NA,3,4,NA,NA
2020-04-23 00:00:00,1,"Fairfield",10008,NA,NA,NA,730,615,NA,NA
2020-04-23 00:00:00,2,"Hartford",4303,NA,NA,NA,490,469,NA,NA
2020-04-23 00:00:00,3,"Litchfield",751,NA,NA,NA,22,66,NA,NA
2020-04-23 00:00:00,4,"Middlesex",545,NA,NA,NA,38,57,NA,NA
2020-04-23 00:00:00,5,"New Haven",6064,NA,NA,NA,626,372,NA,NA
2020-04-23 00:00:00,6,"New London",419,NA,NA,NA,31,17,NA,NA
2020-04-23 00:00:00,7,"Tolland",359,NA,NA,NA,6,33,NA,NA
2020-04-23 00:00:00,8,"Windham",129,NA,NA,NA,4,4,NA,NA
2020-04-24 00:00:00,1,"Fairfield",10227,NA,NA,NA,694,662,NA,NA
2020-04-24 00:00:00,2,"Hartford",4570,NA,NA,NA,462,511,NA,NA
2020-04-24 00:00:00,3,"Litchfield",808,NA,NA,NA,22,69,NA,NA
2020-04-24 00:00:00,4,"Middlesex",561,NA,NA,NA,39,63,NA,NA
2020-04-24 00:00:00,5,"New Haven",6286,NA,NA,NA,617,396,NA,NA
2020-04-24 00:00:00,6,"New London",448,NA,NA,NA,33,23,NA,NA
2020-04-24 00:00:00,7,"Tolland",375,NA,NA,NA,4,34,NA,NA
2020-04-24 00:00:00,8,"Windham",139,NA,NA,NA,6,3,NA,NA
2020-04-25 00:00:00,1,"Fairfield",10373,NA,NA,NA,649,689,NA,NA
2020-04-25 00:00:00,2,"Hartford",4761,NA,NA,NA,443,553,NA,NA
2020-04-25 00:00:00,3,"Litchfield",834,NA,NA,NA,22,73,NA,NA
2020-04-25 00:00:00,4,"Middlesex",576,NA,NA,NA,41,62,NA,NA
2020-04-25 00:00:00,5,"New Haven",6509,NA,NA,NA,610,416,NA,NA
2020-04-25 00:00:00,6,"New London",473,NA,NA,NA,33,28,NA,NA
2020-04-25 00:00:00,7,"Tolland",384,NA,NA,NA,6,35,NA,NA
2020-04-25 00:00:00,8,"Windham",151,NA,NA,NA,6,3,NA,NA
2020-04-26 00:00:00,1,"Fairfield",10529,NA,NA,1116,635,707,NA,NA
2020-04-26 00:00:00,2,"Hartford",4989,NA,NA,559,426,579,NA,NA
2020-04-26 00:00:00,3,"Litchfield",864,NA,NA,477,22,74,NA,NA
2020-04-26 00:00:00,4,"Middlesex",588,NA,NA,361,37,66,NA,NA
2020-04-26 00:00:00,5,"New Haven",6715,NA,NA,783,605,429,NA,NA
2020-04-26 00:00:00,6,"New London",498,NA,NA,187,31,31,NA,NA
2020-04-26 00:00:00,7,"Tolland",407,NA,NA,270,5,35,NA,NA
2020-04-26 00:00:00,8,"Windham",157,NA,NA,134,5,3,NA,NA
2020-04-27 00:00:00,1,"Fairfield",10763,NA,NA,1140,627,727,NA,NA
2020-04-27 00:00:00,2,"Hartford",5157,NA,NA,578,429,612,NA,NA
2020-04-27 00:00:00,3,"Litchfield",892,NA,NA,493,21,75,NA,NA
2020-04-27 00:00:00,4,"Middlesex",609,NA,NA,374,37,69,NA,NA
2020-04-27 00:00:00,5,"New Haven",6993,NA,NA,815,602,456,NA,NA
2020-04-27 00:00:00,6,"New London",516,NA,NA,193,31,34,NA,NA
2020-04-27 00:00:00,7,"Tolland",419,NA,NA,278,5,35,NA,NA
2020-04-27 00:00:00,8,"Windham",164,NA,NA,140,6,3,NA,NA
2020-04-28 00:00:00,1,"Fairfield",10874,NA,NA,1152,620,747,NA,NA
2020-04-28 00:00:00,2,"Hartford",5224,NA,NA,585,418,643,NA,NA
2020-04-28 00:00:00,3,"Litchfield",900,NA,NA,497,20,76,NA,NA
2020-04-28 00:00:00,4,"Middlesex",618,NA,NA,380,31,70,NA,NA
2020-04-28 00:00:00,5,"New Haven",7089,NA,NA,827,598,478,NA,NA
2020-04-28 00:00:00,6,"New London",530,NA,NA,199,34,34,NA,NA
2020-04-28 00:00:00,7,"Tolland",422,NA,NA,280,6,35,NA,NA
2020-04-28 00:00:00,8,"Windham",164,NA,NA,140,5,3,NA,NA
2020-04-29 00:00:00,1,"Fairfield",10985,NA,NA,1164,591,774,NA,NA
2020-04-29 00:00:00,2,"Hartford",5388,NA,NA,604,403,670,NA,NA
2020-04-29 00:00:00,3,"Litchfield",919,NA,NA,507,21,79,NA,NA
2020-04-29 00:00:00,4,"Middlesex",631,NA,NA,388,37,76,NA,NA
2020-04-29 00:00:00,5,"New Haven",7205,NA,NA,840,591,493,NA,NA
2020-04-29 00:00:00,6,"New London",540,NA,NA,202,39,35,NA,NA
2020-04-29 00:00:00,7,"Tolland",427,NA,NA,283,5,36,NA,NA
2020-04-29 00:00:00,8,"Windham",165,NA,NA,141,4,2,NA,NA
2020-04-30 00:00:00,1,"Fairfield",11294,NA,NA,1197,565,810,NA,NA
2020-04-30 00:00:00,2,"Hartford",5601,NA,NA,627,416,698,NA,NA
2020-04-30 00:00:00,3,"Litchfield",963,NA,NA,532,21,80,NA,NA
2020-04-30 00:00:00,4,"Middlesex",657,NA,NA,404,42,79,NA,NA
2020-04-30 00:00:00,5,"New Haven",7536,NA,NA,879,557,512,NA,NA
2020-04-30 00:00:00,6,"New London",564,NA,NA,211,41,36,NA,NA
2020-04-30 00:00:00,7,"Tolland",437,NA,NA,290,4,36,NA,NA
2020-04-30 00:00:00,8,"Windham",186,NA,NA,159,4,2,NA,NA
2020-05-01 00:00:00,1,"Fairfield",11612,NA,NA,1230,537,839,NA,NA
2020-05-01 00:00:00,2,"Hartford",5931,NA,NA,664,413,715,NA,NA
2020-05-01 00:00:00,3,"Litchfield",1014,NA,NA,560,22,86,NA,NA
2020-05-01 00:00:00,4,"Middlesex",687,NA,NA,422,40,82,NA,NA
2020-05-01 00:00:00,5,"New Haven",7900,NA,NA,921,533,533,NA,NA
2020-05-01 00:00:00,6,"New London",603,NA,NA,226,38,42,NA,NA
2020-05-01 00:00:00,7,"Tolland",446,NA,NA,296,6,38,NA,NA
2020-05-01 00:00:00,8,"Windham",200,NA,NA,171,3,2,NA,NA
2020-05-02 00:00:00,1,"Fairfield",11801,NA,NA,1250,525,865,NA,NA
2020-05-02 00:00:00,2,"Hartford",6112,NA,NA,685,400,741,NA,NA
2020-05-02 00:00:00,3,"Litchfield",1036,NA,NA,572,22,89,NA,NA
2020-05-02 00:00:00,4,"Middlesex",707,NA,NA,435,37,91,NA,NA
2020-05-02 00:00:00,5,"New Haven",8024,NA,NA,936,523,565,NA,NA
2020-05-02 00:00:00,6,"New London",623,NA,NA,234,33,43,NA,NA
2020-05-02 00:00:00,7,"Tolland",461,NA,NA,305,6,39,NA,NA
2020-05-02 00:00:00,8,"Windham",211,NA,NA,180,5,2,NA,NA
2020-05-03 00:00:00,1,"Fairfield",12245,NA,NA,1297,507,910,NA,NA
2020-05-03 00:00:00,2,"Hartford",6173,NA,NA,692,362,773,NA,NA
2020-05-03 00:00:00,3,"Litchfield",1047,NA,NA,578,23,94,NA,NA
2020-05-03 00:00:00,4,"Middlesex",713,NA,NA,438,41,93,NA,NA
2020-05-03 00:00:00,5,"New Haven",8110,NA,NA,946,487,595,NA,NA
2020-05-03 00:00:00,6,"New London",641,NA,NA,240,33,45,NA,NA
2020-05-03 00:00:00,7,"Tolland",464,NA,NA,307,6,40,NA,NA
2020-05-03 00:00:00,8,"Windham",217,NA,NA,185,5,3,NA,NA
2020-05-04 00:00:00,1,"Fairfield",12360,NA,NA,1310,519,935,NA,NA
2020-05-04 00:00:00,2,"Hartford",6351,NA,NA,711,369,804,NA,NA
2020-05-04 00:00:00,3,"Litchfield",1065,NA,NA,588,24,95,NA,NA
2020-05-04 00:00:00,4,"Middlesex",734,NA,NA,451,42,95,NA,NA
2020-05-04 00:00:00,5,"New Haven",8337,NA,NA,972,504,610,NA,NA
2020-05-04 00:00:00,6,"New London",681,NA,NA,255,34,45,NA,NA
2020-05-04 00:00:00,7,"Tolland",502,NA,NA,333,7,43,NA,NA
2020-05-04 00:00:00,8,"Windham",223,NA,NA,191,1,4,NA,NA
2020-05-05 00:00:00,1,"Fairfield",12455,NA,NA,1320,489,952,NA,NA
2020-05-05 00:00:00,2,"Hartford",6530,NA,NA,731,361,842,NA,NA
2020-05-05 00:00:00,3,"Litchfield",1085,NA,NA,599,21,100,NA,NA
2020-05-05 00:00:00,4,"Middlesex",742,NA,NA,456,42,98,NA,NA
2020-05-05 00:00:00,5,"New Haven",8419,NA,NA,982,487,629,NA,NA
2020-05-05 00:00:00,6,"New London",704,NA,NA,264,36,47,NA,NA
2020-05-05 00:00:00,7,"Tolland",513,NA,NA,340,6,44,NA,NA
2020-05-05 00:00:00,8,"Windham",242,NA,NA,207,3,4,NA,NA
2020-05-06 00:00:00,1,"Fairfield",12679,NA,NA,1343,469,977,NA,NA
2020-05-06 00:00:00,2,"Hartford",6750,NA,NA,756,340,867,NA,NA
2020-05-06 00:00:00,3,"Litchfield",1114,NA,NA,615,20,104,NA,NA
2020-05-06 00:00:00,4,"Middlesex",764,NA,NA,470,45,104,NA,NA
2020-05-06 00:00:00,5,"New Haven",8678,NA,NA,1012,468,643,NA,NA
2020-05-06 00:00:00,6,"New London",742,NA,NA,278,35,49,NA,NA
2020-05-06 00:00:00,7,"Tolland",522,NA,NA,346,5,46,NA,NA
2020-05-06 00:00:00,8,"Windham",250,NA,NA,214,3,5,NA,NA
2020-05-07 00:00:00,1,"Fairfield",12879,NA,NA,1365,439,1006,NA,NA
2020-05-07 00:00:00,2,"Hartford",6904,NA,NA,773,348,884,NA,NA
2020-05-07 00:00:00,3,"Litchfield",1130,NA,NA,624,17,103,NA,NA
2020-05-07 00:00:00,4,"Middlesex",775,NA,NA,476,41,108,NA,NA
2020-05-07 00:00:00,5,"New Haven",8887,NA,NA,1036,448,669,NA,NA
2020-05-07 00:00:00,6,"New London",755,NA,NA,283,36,50,NA,NA
2020-05-07 00:00:00,7,"Tolland",530,NA,NA,351,5,46,NA,NA
2020-05-07 00:00:00,8,"Windham",249,NA,NA,213,2,5,NA,NA
2020-05-08 00:00:00,1,"Fairfield",13030,NA,NA,1381,424,1017,NA,NA
2020-05-08 00:00:00,2,"Hartford",7105,NA,NA,796,339,901,NA,NA
2020-05-08 00:00:00,3,"Litchfield",1142,NA,NA,631,15,105,NA,NA
2020-05-08 00:00:00,4,"Middlesex",789,NA,NA,485,44,114,NA,NA
2020-05-08 00:00:00,5,"New Haven",9091,NA,NA,1060,437,686,NA,NA
2020-05-08 00:00:00,6,"New London",775,NA,NA,290,33,54,NA,NA
2020-05-08 00:00:00,7,"Tolland",540,NA,NA,358,5,46,NA,NA
2020-05-08 00:00:00,8,"Windham",266,NA,NA,227,4,6,NA,NA
2020-05-09 00:00:00,1,"Fairfield",13236,NA,NA,1402,403,1024,NA,NA
2020-05-09 00:00:00,2,"Hartford",7263,NA,NA,814,316,909,NA,NA
2020-05-09 00:00:00,3,"Litchfield",1153,NA,NA,637,19,107,NA,NA
2020-05-09 00:00:00,4,"Middlesex",798,NA,NA,491,47,115,NA,NA
2020-05-09 00:00:00,5,"New Haven",9209,NA,NA,1074,421,701,NA,NA
2020-05-09 00:00:00,6,"New London",782,NA,NA,293,27,54,NA,NA
2020-05-09 00:00:00,7,"Tolland",543,NA,NA,360,5,47,NA,NA
2020-05-09 00:00:00,8,"Windham",270,NA,NA,231,4,7,NA,NA
2020-05-10 00:00:00,1,"Fairfield",13312,NA,NA,1410,384,1034,NA,NA
2020-05-10 00:00:00,2,"Hartford",7358,NA,NA,824,328,921,NA,NA
2020-05-10 00:00:00,3,"Litchfield",1161,NA,NA,641,17,109,NA,NA
2020-05-10 00:00:00,4,"Middlesex",801,NA,NA,492,42,115,NA,NA
2020-05-10 00:00:00,5,"New Haven",9260,NA,NA,1080,405,716,NA,NA
2020-05-10 00:00:00,6,"New London",784,NA,NA,294,26,56,NA,NA
2020-05-10 00:00:00,7,"Tolland",545,NA,NA,361,4,47,NA,NA
2020-05-10 00:00:00,8,"Windham",271,NA,NA,232,6,7,NA,NA
2020-05-11 00:00:00,1,"Fairfield",13488,NA,NA,1429,378,1046,NA,NA
2020-05-11 00:00:00,2,"Hartford",7528,NA,NA,843,320,931,NA,NA
2020-05-11 00:00:00,3,"Litchfield",1171,NA,NA,647,21,110,NA,NA
2020-05-11 00:00:00,4,"Middlesex",823,NA,NA,506,40,116,NA,NA
2020-05-11 00:00:00,5,"New Haven",9430,NA,NA,1100,399,723,NA,NA
2020-05-11 00:00:00,6,"New London",793,NA,NA,297,23,58,NA,NA
2020-05-11 00:00:00,7,"Tolland",556,NA,NA,368,2,47,NA,NA
2020-05-11 00:00:00,8,"Windham",281,NA,NA,240,6,7,NA,NA
2020-05-12 00:00:00,1,"Fairfield",13636,NA,NA,1445,372,1068,NA,NA
2020-05-12 00:00:00,2,"Hartford",7732,NA,NA,866,296,963,NA,NA
2020-05-12 00:00:00,3,"Litchfield",1179,NA,NA,651,18,110,NA,NA
2020-05-12 00:00:00,4,"Middlesex",837,NA,NA,515,36,116,NA,NA
2020-05-12 00:00:00,5,"New Haven",9570,NA,NA,1116,404,745,NA,NA
2020-05-12 00:00:00,6,"New London",804,NA,NA,301,24,60,NA,NA
2020-05-12 00:00:00,7,"Tolland",560,NA,NA,371,3,49,NA,NA
2020-05-12 00:00:00,8,"Windham",287,NA,NA,245,5,9,NA,NA
2020-05-13 00:00:00,1,"Fairfield",13836,NA,NA,1466,362,1093,NA,NA
2020-05-13 00:00:00,2,"Hartford",7935,NA,NA,889,269,999,NA,NA
2020-05-13 00:00:00,3,"Litchfield",1203,NA,NA,664,14,115,NA,NA
2020-05-13 00:00:00,4,"Middlesex",863,NA,NA,530,31,118,NA,NA
2020-05-13 00:00:00,5,"New Haven",9712,NA,NA,1132,394,767,NA,NA
2020-05-13 00:00:00,6,"New London",821,NA,NA,308,24,62,NA,NA
2020-05-13 00:00:00,7,"Tolland",568,NA,NA,376,3,51,NA,NA
2020-05-13 00:00:00,8,"Windham",291,NA,NA,249,6,11,NA,NA
2020-05-14 00:00:00,1,"Fairfield",14009,NA,NA,1484,342,1109,NA,NA
2020-05-14 00:00:00,2,"Hartford",8126,NA,NA,910,248,1025,NA,NA
2020-05-14 00:00:00,3,"Litchfield",1218,NA,NA,673,14,115,NA,NA
2020-05-14 00:00:00,4,"Middlesex",885,NA,NA,544,32,124,NA,NA
2020-05-14 00:00:00,5,"New Haven",9881,NA,NA,1152,367,783,NA,NA
2020-05-14 00:00:00,6,"New London",844,NA,NA,316,24,63,NA,NA
2020-05-14 00:00:00,7,"Tolland",583,NA,NA,386,1,51,NA,NA
2020-05-14 00:00:00,8,"Windham",301,NA,NA,257,5,12,NA,NA
2020-05-15 00:00:00,1,"Fairfield",14140,NA,NA,1498,330,1125,NA,NA
2020-05-15 00:00:00,2,"Hartford",8299,NA,NA,930,243,1044,NA,NA
2020-05-15 00:00:00,3,"Litchfield",1234,NA,NA,681,10,116,NA,NA
2020-05-15 00:00:00,4,"Middlesex",898,NA,NA,552,29,124,NA,NA
2020-05-15 00:00:00,5,"New Haven",10075,NA,NA,1175,352,800,NA,NA
2020-05-15 00:00:00,6,"New London",860,NA,NA,322,24,65,NA,NA
2020-05-15 00:00:00,7,"Tolland",636,NA,NA,421,1,51,NA,NA
2020-05-15 00:00:00,8,"Windham",304,NA,NA,260,5,12,NA,NA
2020-05-16 00:00:00,1,"Fairfield",14248,NA,NA,1510,299,1146,NA,NA
2020-05-16 00:00:00,2,"Hartford",8723,NA,NA,977,234,1069,NA,NA
2020-05-16 00:00:00,3,"Litchfield",1269,NA,NA,701,10,116,NA,NA
2020-05-16 00:00:00,4,"Middlesex",909,NA,NA,559,32,125,NA,NA
2020-05-16 00:00:00,5,"New Haven",10159,NA,NA,1185,336,817,NA,NA
2020-05-16 00:00:00,6,"New London",873,NA,NA,327,22,66,NA,NA
2020-05-16 00:00:00,7,"Tolland",715,NA,NA,474,1,54,NA,NA
2020-05-16 00:00:00,8,"Windham",313,NA,NA,267,3,14,NA,NA
2020-05-17 00:00:00,1,"Fairfield",14439,NA,NA,1530,287,1153,NA,NA
2020-05-17 00:00:00,2,"Hartford",8957,NA,NA,1004,235,1084,NA,NA
2020-05-17 00:00:00,3,"Litchfield",1280,NA,NA,706,10,115,NA,NA
2020-05-17 00:00:00,4,"Middlesex",936,NA,NA,575,32,131,NA,NA
2020-05-17 00:00:00,5,"New Haven",10338,NA,NA,1205,331,830,NA,NA
2020-05-17 00:00:00,6,"New London",876,NA,NA,328,21,66,NA,NA
2020-05-17 00:00:00,7,"Tolland",735,NA,NA,485,1,54,NA,NA
2020-05-17 00:00:00,8,"Windham",322,NA,NA,275,3,14,NA,NA
2020-05-18 00:00:00,1,"Fairfield",14522,NA,NA,1539,287,1160,NA,NA
2020-05-18 00:00:00,2,"Hartford",9050,NA,NA,1014,226,1090,NA,NA
2020-05-18 00:00:00,3,"Litchfield",1290,NA,NA,712,11,117,NA,NA
2020-05-18 00:00:00,4,"Middlesex",947,NA,NA,582,35,131,NA,NA
2020-05-18 00:00:00,5,"New Haven",10427,NA,NA,1216,327,838,NA,NA
2020-05-18 00:00:00,6,"New London",880,NA,NA,330,24,66,NA,NA
2020-05-18 00:00:00,7,"Tolland",770,NA,NA,510,1,54,NA,NA
2020-05-18 00:00:00,8,"Windham",326,NA,NA,279,3,14,NA,NA
2020-05-19 04:00:00,1,"Fairfield",14719,NA,NA,1560,272,1167,NA,NA
2020-05-19 04:00:00,2,"Hartford",9234,NA,NA,1034,222,1116,NA,NA
2020-05-19 04:00:00,3,"Litchfield",1299,NA,NA,717,7,121,NA,NA
2020-05-19 04:00:00,4,"Middlesex",965,NA,NA,593,33,131,NA,NA
2020-05-19 04:00:00,5,"New Haven",10587,NA,NA,1234,326,855,NA,NA
2020-05-19 04:00:00,6,"New London",896,NA,NA,336,24,68,NA,NA
2020-05-19 04:00:00,7,"Tolland",786,NA,NA,521,0,55,NA,NA
2020-05-19 04:00:00,8,"Windham",329,NA,NA,281,3,14,NA,NA
2020-05-20 00:00:00,1,"Fairfield",14751,NA,NA,1563,241,1180,NA,NA
2020-05-20 00:00:00,2,"Hartford",9299,NA,NA,1042,214,1133,NA,NA
2020-05-20 00:00:00,3,"Litchfield",1303,NA,NA,719,7,121,NA,NA
2020-05-20 00:00:00,4,"Middlesex",972,NA,NA,597,28,130,NA,NA
2020-05-20 00:00:00,5,"New Haven",10663,NA,NA,1243,301,874,NA,NA
2020-05-20 00:00:00,6,"New London",903,NA,NA,338,22,73,NA,NA
2020-05-20 00:00:00,7,"Tolland",787,NA,NA,521,0,55,NA,NA
2020-05-20 00:00:00,8,"Windham",336,NA,NA,287,3,14,NA,NA
2020-05-31 00:00:00,1,"Fairfield",15709,15003,706,1664,157,1288,990,298
2020-05-31 00:00:00,2,"Hartford",10445,9752,693,1170,100,1254,944,310
2020-05-31 00:00:00,3,"Litchfield",1400,1333,67,773,4,136,114,22
2020-05-31 00:00:00,4,"Middlesex",1143,1084,59,703,21,153,117,36
2020-05-31 00:00:00,5,"New Haven",11479,11088,391,1338,160,973,822,151
2020-05-31 00:00:00,6,"New London",1091,1033,58,409,9,89,66,23
2020-05-31 00:00:00,7,"Tolland",845,768,77,560,2,58,45,13
2020-05-31 00:00:00,8,"Windham",388,376,12,332,1,13,12,1
2020-06-01 00:00:00,1,"Fairfield",15776,15073,703,1671,153,1287,996,291
2020-06-01 00:00:00,2,"Hartford",10536,9861,675,1180,93,1253,951,302
2020-06-01 00:00:00,3,"Litchfield",1402,1336,66,774,4,133,113,20
2020-06-01 00:00:00,4,"Middlesex",1154,1098,56,709,24,150,117,33
2020-06-01 00:00:00,5,"New Haven",11525,11139,386,1344,149,985,837,148
2020-06-01 00:00:00,6,"New London",1094,1035,59,410,9,90,66,24
2020-06-01 00:00:00,7,"Tolland",848,772,76,562,1,60,46,14
2020-06-01 00:00:00,8,"Windham",393,383,10,336,1,14,13,1
2020-06-02 00:00:00,1,"Fairfield",15789,15087,702,1673,134,1289,998,291
2020-06-02 00:00:00,2,"Hartford",10593,9914,679,1187,92,1259,958,301
2020-06-02 00:00:00,3,"Litchfield",1404,1338,66,775,5,133,113,20
2020-06-02 00:00:00,4,"Middlesex",1161,1104,57,714,16,152,118,34
2020-06-02 00:00:00,5,"New Haven",11548,11161,387,1347,150,990,843,147
2020-06-02 00:00:00,6,"New London",1100,1039,61,412,8,92,67,25
2020-06-02 00:00:00,7,"Tolland",856,783,73,567,0,60,46,14
2020-06-02 00:00:00,8,"Windham",392,384,8,335,1,14,13,1
2020-06-03 00:00:00,1,"Fairfield",15843,15133,710,1679,126,1293,1002,291
2020-06-03 00:00:00,2,"Hartford",10636,9947,689,1191,90,1266,964,302
2020-06-03 00:00:00,3,"Litchfield",1406,1339,67,776,3,134,113,21
2020-06-03 00:00:00,4,"Middlesex",1171,1113,58,720,15,154,119,35
2020-06-03 00:00:00,5,"New Haven",11582,11191,391,1350,128,992,845,147
2020-06-03 00:00:00,6,"New London",1104,1042,62,414,8,94,69,25
2020-06-03 00:00:00,7,"Tolland",859,784,75,569,0,60,46,14
2020-06-03 00:00:00,8,"Windham",397,389,8,339,3,14,13,1
2020-06-04 00:00:00,1,"Fairfield",15914,15204,710,1686,111,1304,1011,293
2020-06-04 00:00:00,2,"Hartford",10677,9982,695,1196,83,1277,968,309
2020-06-04 00:00:00,3,"Litchfield",1409,1343,66,778,2,134,113,21
2020-06-04 00:00:00,4,"Middlesex",1170,1112,58,719,14,155,120,35
2020-06-04 00:00:00,5,"New Haven",11673,11282,391,1361,127,999,855,144
2020-06-04 00:00:00,6,"New London",1108,1045,63,415,8,95,70,25
2020-06-04 00:00:00,7,"Tolland",859,784,75,569,0,60,46,14
2020-06-04 00:00:00,8,"Windham",405,398,7,346,5,14,13,1
2020-06-05 00:00:00,1,"Fairfield",16020,15307,713,1697,108,1309,1017,292
2020-06-05 00:00:00,2,"Hartford",10747,10046,701,1204,78,1279,971,308
2020-06-05 00:00:00,3,"Litchfield",1413,1347,66,780,1,134,113,21
2020-06-05 00:00:00,4,"Middlesex",1174,1119,55,722,14,157,123,34
2020-06-05 00:00:00,5,"New Haven",11817,11429,388,1378,121,1007,865,142
2020-06-05 00:00:00,6,"New London",1112,1049,63,417,7,95,70,25
2020-06-05 00:00:00,7,"Tolland",864,789,75,572,0,60,46,14
2020-06-05 00:00:00,8,"Windham",416,409,7,355,4,14,13,1
2020-06-06 00:00:00,1,"Fairfield",16056,15342,714,1701,111,1312,1019,293
2020-06-06 00:00:00,2,"Hartford",10809,10112,697,1211,87,1287,977,310
2020-06-06 00:00:00,3,"Litchfield",1419,1353,66,783,1,134,113,21
2020-06-06 00:00:00,4,"Middlesex",1185,1128,57,728,15,159,124,35
2020-06-06 00:00:00,5,"New Haven",11828,11441,387,1379,110,1010,867,143
2020-06-06 00:00:00,6,"New London",1119,1056,63,419,6,95,70,25
2020-06-06 00:00:00,7,"Tolland",864,789,75,572,0,60,46,14
2020-06-06 00:00:00,8,"Windham",420,412,8,359,3,14,13,1
2020-06-07 00:00:00,1,"Fairfield",16092,15379,713,1705,114,1316,1023,293
2020-06-07 00:00:00,2,"Hartford",10844,10145,699,1215,77,1291,978,313
2020-06-07 00:00:00,3,"Litchfield",1426,1360,66,787,2,134,113,21
2020-06-07 00:00:00,4,"Middlesex",1187,1130,57,730,14,160,125,35
2020-06-07 00:00:00,5,"New Haven",11860,11472,388,1383,108,1013,870,143
2020-06-07 00:00:00,6,"New London",1120,1057,63,420,7,96,71,25
2020-06-07 00:00:00,7,"Tolland",863,787,76,572,0,60,46,14
2020-06-07 00:00:00,8,"Windham",428,421,7,366,2,14,13,1
2020-06-08 00:00:00,1,"Fairfield",16108,15405,703,1707,111,1319,1027,292
2020-06-08 00:00:00,2,"Hartford",10859,10206,653,1216,68,1291,991,300
2020-06-08 00:00:00,3,"Litchfield",1432,1369,63,791,3,136,115,21
2020-06-08 00:00:00,4,"Middlesex",1194,1139,55,734,12,163,128,35
2020-06-08 00:00:00,5,"New Haven",11875,11495,380,1385,88,1016,872,144
2020-06-08 00:00:00,6,"New London",1122,1059,63,421,8,96,71,25
2020-06-08 00:00:00,7,"Tolland",873,806,67,578,1,61,48,13
2020-06-08 00:00:00,8,"Windham",430,423,7,367,2,15,14,1
2020-06-09 00:00:00,1,"Fairfield",16134,15519,615,1709,92,1321,1029,292
2020-06-09 00:00:00,2,"Hartford",10924,10274,650,1224,69,1303,1001,302
2020-06-09 00:00:00,3,"Litchfield",1430,1368,62,790,3,134,113,21
2020-06-09 00:00:00,4,"Middlesex",1199,1144,55,737,12,164,128,36
2020-06-09 00:00:00,5,"New Haven",11911,11539,372,1389,84,1024,879,145
2020-06-09 00:00:00,6,"New London",1130,1068,62,424,8,97,72,25
2020-06-09 00:00:00,7,"Tolland",878,810,68,582,0,61,47,14
2020-06-09 00:00:00,8,"Windham",437,429,8,373,2,14,13,1
2020-06-10 00:00:00,1,"Fairfield",16155,15537,618,1712,89,1333,1039,294
2020-06-10 00:00:00,2,"Hartford",10967,10314,653,1229,60,1308,1006,302
2020-06-10 00:00:00,3,"Litchfield",1435,1374,61,792,3,135,114,21
2020-06-10 00:00:00,4,"Middlesex",1210,1154,56,744,14,165,128,37
2020-06-10 00:00:00,5,"New Haven",11930,11558,372,1391,71,1031,887,144
2020-06-10 00:00:00,6,"New London",1147,1085,62,430,7,98,73,25
2020-06-10 00:00:00,7,"Tolland",883,814,69,585,0,62,48,14
2020-06-10 00:00:00,8,"Windham",441,434,7,377,2,14,13,1
2020-06-11 00:00:00,1,"Fairfield",16178,15561,617,1714,81,1337,1044,293
2020-06-11 00:00:00,2,"Hartford",11103,10455,648,1244,61,1313,1011,302
2020-06-11 00:00:00,3,"Litchfield",1435,1374,61,792,3,135,114,21
2020-06-11 00:00:00,4,"Middlesex",1216,1160,56,747,15,166,129,37
2020-06-11 00:00:00,5,"New Haven",11979,11606,373,1397,74,1034,889,145
2020-06-11 00:00:00,6,"New London",1150,1088,62,431,7,98,73,25
2020-06-11 00:00:00,7,"Tolland",886,815,71,587,0,62,48,14
2020-06-11 00:00:00,8,"Windham",453,446,7,387,3,14,13,1
2020-06-12 00:00:00,1,"Fairfield",16277,15661,616,1725,81,1345,1051,294
2020-06-12 00:00:00,2,"Hartford",11189,10534,655,1253,54,1321,1018,303
2020-06-12 00:00:00,3,"Litchfield",1439,1377,62,795,3,135,114,21
2020-06-12 00:00:00,4,"Middlesex",1223,1167,56,752,13,168,131,37
2020-06-12 00:00:00,5,"New Haven",12021,11641,380,1402,73,1041,893,148
2020-06-12 00:00:00,6,"New London",1198,1135,63,449,7,100,74,26
2020-06-12 00:00:00,7,"Tolland",885,814,71,586,0,62,48,14
2020-06-12 00:00:00,8,"Windham",463,456,7,396,2,14,13,1
2020-06-13 00:00:00,1,"Fairfield",16306,15690,616,1728,68,1346,1052,294
2020-06-13 00:00:00,2,"Hartford",11218,10564,654,1257,52,1327,1023,304
2020-06-13 00:00:00,3,"Litchfield",1442,1380,62,796,3,136,115,21
2020-06-13 00:00:00,4,"Middlesex",1229,1173,56,755,11,171,134,37
2020-06-13 00:00:00,5,"New Haven",12034,11653,381,1403,63,1044,895,149
2020-06-13 00:00:00,6,"New London",1236,1173,63,463,6,101,75,26
2020-06-13 00:00:00,7,"Tolland",888,817,71,588,0,62,48,14
2020-06-13 00:00:00,8,"Windham",465,458,7,397,2,14,13,1
2020-06-14 00:00:00,1,"Fairfield",16338,15717,621,1731,70,1347,1052,295
2020-06-14 00:00:00,2,"Hartford",11231,10573,658,1258,52,1328,1023,305
2020-06-14 00:00:00,3,"Litchfield",1441,1379,62,796,3,135,114,21
2020-06-14 00:00:00,4,"Middlesex",1233,1175,58,758,9,171,134,37
2020-06-14 00:00:00,5,"New Haven",12055,11671,384,1406,63,1045,896,149
2020-06-14 00:00:00,6,"New London",1240,1177,63,465,6,102,76,26
2020-06-14 00:00:00,7,"Tolland",888,817,71,588,0,62,48,14
2020-06-14 00:00:00,8,"Windham",467,460,7,399,0,14,13,1
2020-06-15 00:00:00,1,"Fairfield",16359,15738,621,1733,70,1350,1055,295
2020-06-15 00:00:00,2,"Hartford",11261,10601,660,1261,48,1330,1025,305
2020-06-15 00:00:00,3,"Litchfield",1443,1381,62,797,3,135,114,21
2020-06-15 00:00:00,4,"Middlesex",1235,1177,58,759,8,171,134,37
2020-06-15 00:00:00,5,"New Haven",12078,11695,383,1408,64,1046,897,149
2020-06-15 00:00:00,6,"New London",1276,1213,63,478,7,102,76,26
2020-06-15 00:00:00,7,"Tolland",888,817,71,588,0,62,48,14
2020-06-15 00:00:00,8,"Windham",469,462,7,401,1,14,13,1
2020-06-16 00:00:00,1,"Fairfield",16381,15757,624,1736,68,1352,1058,294
2020-06-16 00:00:00,2,"Hartford",11284,10619,665,1264,42,1331,1026,305
2020-06-16 00:00:00,3,"Litchfield",1444,1382,62,797,5,135,114,21
2020-06-16 00:00:00,4,"Middlesex",1241,1182,59,763,7,171,134,37
2020-06-16 00:00:00,5,"New Haven",12089,11706,383,1410,60,1052,903,149
2020-06-16 00:00:00,6,"New London",1285,1223,62,482,3,101,76,25
2020-06-16 00:00:00,7,"Tolland",889,818,71,589,0,63,49,14
2020-06-16 00:00:00,8,"Windham",471,464,7,402,1,14,13,1
2020-06-17 00:00:00,1,"Fairfield",16398,15773,625,1737,64,1352,1058,294
2020-06-17 00:00:00,2,"Hartford",11322,10653,669,1268,37,1336,1029,307
2020-06-17 00:00:00,3,"Litchfield",1447,1385,62,799,7,135,114,21
2020-06-17 00:00:00,4,"Middlesex",1246,1187,59,766,7,172,135,37
2020-06-17 00:00:00,5,"New Haven",12105,11722,383,1411,56,1052,903,149
2020-06-17 00:00:00,6,"New London",1288,1226,62,483,4,101,76,25
2020-06-17 00:00:00,7,"Tolland",892,821,71,591,0,64,50,14
2020-06-17 00:00:00,8,"Windham",472,465,7,403,1,14,13,1
2020-06-18 00:00:00,1,"Fairfield",16425,15801,624,1740,66,1355,1060,295
2020-06-18 00:00:00,2,"Hartford",11358,10690,668,1272,35,1341,1032,309
2020-06-18 00:00:00,3,"Litchfield",1448,1385,63,800,5,135,114,21
2020-06-18 00:00:00,4,"Middlesex",1254,1195,59,771,8,172,135,37
2020-06-18 00:00:00,5,"New Haven",12136,11751,385,1415,52,1056,905,151
2020-06-18 00:00:00,6,"New London",1203,1141,62,451,5,101,76,25
2020-06-18 00:00:00,7,"Tolland",893,823,70,592,0,64,50,14
2020-06-18 00:00:00,8,"Windham",567,560,7,485,1,14,13,1
2020-06-19 00:00:00,1,"Fairfield",16469,15841,628,1745,53,1361,1063,298
2020-06-19 00:00:00,2,"Hartford",11392,10726,666,1276,35,1344,1034,310
2020-06-19 00:00:00,3,"Litchfield",1467,1404,63,810,3,135,115,20
2020-06-19 00:00:00,4,"Middlesex",1258,1200,58,773,9,172,135,37
2020-06-19 00:00:00,5,"New Haven",12174,11786,388,1420,46,1060,908,152
2020-06-19 00:00:00,6,"New London",1209,1147,62,453,3,101,76,25
2020-06-19 00:00:00,7,"Tolland",895,825,70,593,0,64,50,14
2020-06-19 00:00:00,8,"Windham",575,568,7,491,1,14,13,1
2020-06-20 00:00:00,1,"Fairfield",16475,15847,628,1746,53,1361,1063,298
2020-06-20 00:00:00,2,"Hartford",11405,10738,667,1278,44,1350,1039,311
2020-06-20 00:00:00,3,"Litchfield",1467,1404,63,810,1,135,115,20
2020-06-20 00:00:00,4,"Middlesex",1259,1200,59,774,9,174,136,38
2020-06-20 00:00:00,5,"New Haven",12185,11798,387,1421,37,1061,909,152
2020-06-20 00:00:00,6,"New London",1217,1155,62,456,4,101,76,25
2020-06-20 00:00:00,7,"Tolland",895,825,70,593,0,64,50,14
2020-06-20 00:00:00,8,"Windham",579,572,7,495,1,14,13,1
2020-06-21 00:00:00,1,"Fairfield",16483,15854,629,1746,51,1362,1064,298
2020-06-21 00:00:00,2,"Hartford",11414,10743,671,1279,39,1350,1038,312
2020-06-21 00:00:00,3,"Litchfield",1467,1404,63,810,1,135,115,20
2020-06-21 00:00:00,4,"Middlesex",1259,1200,59,774,8,174,136,38
2020-06-21 00:00:00,5,"New Haven",12196,11805,391,1422,37,1063,911,152
2020-06-21 00:00:00,6,"New London",1214,1152,62,455,3,101,76,25
2020-06-21 00:00:00,7,"Tolland",895,825,70,593,0,64,50,14
2020-06-21 00:00:00,8,"Windham",584,577,7,499,1,14,13,1
2020-06-22 00:00:00,1,"Fairfield",16522,15892,630,1751,46,1367,1065,302
2020-06-22 00:00:00,2,"Hartford",11443,10775,668,1282,39,1352,1040,312
2020-06-22 00:00:00,3,"Litchfield",1469,1406,63,811,1,136,116,20
2020-06-22 00:00:00,4,"Middlesex",1272,1213,59,782,10,177,139,38
2020-06-22 00:00:00,5,"New Haven",12225,11836,389,1425,38,1065,915,150
2020-06-22 00:00:00,6,"New London",1221,1159,62,458,3,102,76,26
2020-06-22 00:00:00,7,"Tolland",898,828,70,595,0,64,50,14
2020-06-22 00:00:00,8,"Windham",587,580,7,502,1,14,13,1
2020-06-23 00:00:00,1,"Fairfield",16527,15896,631,1751,47,1370,1067,303
2020-06-23 00:00:00,2,"Hartford",11450,10782,668,1283,28,1356,1044,312
2020-06-23 00:00:00,3,"Litchfield",1469,1406,63,811,1,136,116,20
2020-06-23 00:00:00,4,"Middlesex",1273,1214,59,783,8,179,141,38
2020-06-23 00:00:00,5,"New Haven",12227,11838,389,1426,37,1066,916,150
2020-06-23 00:00:00,6,"New London",1221,1159,62,458,2,102,76,26
2020-06-23 00:00:00,7,"Tolland",898,828,70,595,0,64,50,14
2020-06-23 00:00:00,8,"Windham",588,581,7,502,1,14,13,1
2020-06-24 00:00:00,1,"Fairfield",16547,15914,633,1753,46,1373,1069,304
2020-06-24 00:00:00,2,"Hartford",11483,10806,677,1286,25,1362,1051,311
2020-06-24 00:00:00,3,"Litchfield",1469,1406,63,811,1,136,116,20
2020-06-24 00:00:00,4,"Middlesex",1277,1218,59,785,8,179,141,38
2020-06-24 00:00:00,5,"New Haven",12245,11852,393,1428,39,1068,918,150
2020-06-24 00:00:00,6,"New London",1219,1157,62,457,2,102,76,26
2020-06-24 00:00:00,7,"Tolland",899,829,70,596,0,64,50,14
2020-06-24 00:00:00,8,"Windham",595,586,9,508,1,14,13,1
2020-06-25 00:00:00,1,"Fairfield",16564,15931,633,1755,46,1375,1070,305
2020-06-25 00:00:00,2,"Hartford",11511,10835,676,1289,25,1365,1053,312
2020-06-25 00:00:00,3,"Litchfield",1471,1408,63,812,1,136,116,20
2020-06-25 00:00:00,4,"Middlesex",1282,1222,60,788,8,182,143,39
2020-06-25 00:00:00,5,"New Haven",12254,11862,392,1429,45,1069,919,150
2020-06-25 00:00:00,6,"New London",1223,1161,62,458,1,102,76,26
2020-06-25 00:00:00,7,"Tolland",904,834,70,599,0,64,50,14
2020-06-25 00:00:00,8,"Windham",598,591,7,511,1,14,13,1
2020-06-26 00:00:00,1,"Fairfield",16606,15968,638,1759,35,1375,1070,305
2020-06-26 00:00:00,2,"Hartford",11558,10882,676,1295,24,1369,1056,313
2020-06-26 00:00:00,3,"Litchfield",1482,1419,63,818,1,136,116,20
2020-06-26 00:00:00,4,"Middlesex",1287,1226,61,791,9,182,143,39
2020-06-26 00:00:00,5,"New Haven",12275,11881,394,1431,35,1069,919,150
2020-06-26 00:00:00,6,"New London",1241,1179,62,465,1,102,76,26
2020-06-26 00:00:00,7,"Tolland",906,836,70,600,0,64,50,14
2020-06-26 00:00:00,8,"Windham",599,592,7,512,1,14,13,1
2020-06-27 00:00:00,1,"Fairfield",16633,15995,638,1762,32,1375,1070,305
2020-06-27 00:00:00,2,"Hartford",11587,10912,675,1298,27,1369,1056,313
2020-06-27 00:00:00,3,"Litchfield",1482,1419,63,818,1,136,116,20
2020-06-27 00:00:00,4,"Middlesex",1292,1232,60,794,8,183,144,39
2020-06-27 00:00:00,5,"New Haven",12299,11905,394,1434,33,1073,923,150
2020-06-27 00:00:00,6,"New London",1244,1182,62,466,2,102,76,26
2020-06-27 00:00:00,7,"Tolland",910,840,70,603,0,64,50,14
2020-06-27 00:00:00,8,"Windham",605,598,7,517,0,14,13,1
2020-06-28 00:00:00,1,"Fairfield",16664,16025,639,1766,32,1376,1070,306
2020-06-28 00:00:00,2,"Hartford",11623,10950,673,1302,26,1370,1057,313
2020-06-28 00:00:00,3,"Litchfield",1487,1424,63,821,0,136,116,20
2020-06-28 00:00:00,4,"Middlesex",1295,1235,60,796,6,183,144,39
2020-06-28 00:00:00,5,"New Haven",12318,11924,394,1436,33,1075,925,150
2020-06-28 00:00:00,6,"New London",1255,1193,62,470,2,102,76,26
2020-06-28 00:00:00,7,"Tolland",909,839,70,602,0,64,50,14
2020-06-28 00:00:00,8,"Windham",606,599,7,518,0,14,13,1
2020-06-29 00:00:00,1,"Fairfield",16703,16064,639,1770,37,1376,1070,306
2020-06-29 00:00:00,2,"Hartford",11662,10987,675,1306,28,1370,1057,313
2020-06-29 00:00:00,3,"Litchfield",1490,1427,63,823,0,137,117,20
2020-06-29 00:00:00,4,"Middlesex",1305,1246,59,802,3,184,145,39
2020-06-29 00:00:00,5,"New Haven",12359,11965,394,1441,27,1075,925,150
2020-06-29 00:00:00,6,"New London",1268,1206,62,475,3,102,76,26
2020-06-29 00:00:00,7,"Tolland",913,843,70,605,0,64,50,14
2020-06-29 00:00:00,8,"Windham",610,603,7,521,0,14,13,1
2020-06-30 00:00:00,1,"Fairfield",16717,16078,639,1771,31,1376,1070,306
2020-06-30 00:00:00,2,"Hartford",11691,11013,678,1310,32,1373,1059,314
2020-06-30 00:00:00,3,"Litchfield",1490,1427,63,823,0,137,117,20
2020-06-30 00:00:00,4,"Middlesex",1304,1245,59,802,7,185,146,39
2020-06-30 00:00:00,5,"New Haven",12368,11978,390,1442,28,1073,926,147
2020-06-30 00:00:00,6,"New London",1268,1206,62,475,2,102,76,26
2020-06-30 00:00:00,7,"Tolland",913,843,70,605,0,64,50,14
2020-06-30 00:00:00,8,"Windham",612,605,7,523,0,14,13,1
2020-07-01 00:00:00,1,"Fairfield",16733,16094,639,1773,31,1376,1070,306
2020-07-01 00:00:00,2,"Hartford",11716,11041,675,1312,33,1374,1060,314
2020-07-01 00:00:00,3,"Litchfield",1492,1429,63,824,1,137,117,20
2020-07-01 00:00:00,4,"Middlesex",1311,1252,59,806,6,185,146,39
2020-07-01 00:00:00,5,"New Haven",12383,11995,388,1444,28,1074,927,147
2020-07-01 00:00:00,6,"New London",1273,1211,62,477,2,102,76,26
2020-07-01 00:00:00,7,"Tolland",915,845,70,606,0,64,50,14
2020-07-01 00:00:00,8,"Windham",612,605,7,523,0,14,13,1
2020-07-02 00:00:00,1,"Fairfield",16757,16119,638,1775,31,1377,1071,306
2020-07-02 00:00:00,2,"Hartford",11728,11050,678,1314,27,1378,1062,316
2020-07-02 00:00:00,3,"Litchfield",1494,1430,64,825,1,137,117,20
2020-07-02 00:00:00,4,"Middlesex",1308,1249,59,804,5,186,147,39
2020-07-02 00:00:00,5,"New Haven",12409,12022,387,1447,27,1077,927,150
2020-07-02 00:00:00,6,"New London",1277,1215,62,479,4,102,76,26
2020-07-02 00:00:00,7,"Tolland",915,846,69,606,0,64,50,14
2020-07-02 00:00:00,8,"Windham",616,609,7,526,0,14,13,1
2020-07-05 00:00:00,1,"Fairfield",16823,16186,637,1782,25,1377,1071,306
2020-07-05 00:00:00,2,"Hartford",11794,11115,679,1321,24,1380,1064,316
2020-07-05 00:00:00,3,"Litchfield",1504,1440,64,830,1,137,117,20
2020-07-05 00:00:00,4,"Middlesex",1321,1261,60,812,3,186,147,39
2020-07-05 00:00:00,5,"New Haven",12462,12072,390,1453,14,1078,928,150
2020-07-05 00:00:00,6,"New London",1296,1234,62,486,1,102,76,26
2020-07-05 00:00:00,7,"Tolland",925,856,69,613,0,64,50,14
2020-07-05 00:00:00,8,"Windham",624,617,7,533,1,14,13,1
2020-07-06 00:00:00,1,"Fairfield",16837,16200,637,1784,26,1377,1071,306
2020-07-06 00:00:00,2,"Hartford",11812,11133,679,1323,30,1380,1064,316
2020-07-06 00:00:00,3,"Litchfield",1508,1444,64,833,1,137,117,20
2020-07-06 00:00:00,4,"Middlesex",1320,1260,60,811,5,186,147,39
2020-07-06 00:00:00,5,"New Haven",12473,12084,389,1454,18,1078,928,150
2020-07-06 00:00:00,6,"New London",1304,1242,62,489,1,102,76,26
2020-07-06 00:00:00,7,"Tolland",925,857,68,613,0,64,50,14
2020-07-06 00:00:00,8,"Windham",627,620,7,536,2,14,13,1
2020-07-07 00:00:00,1,"Fairfield",16859,16220,639,1786,34,1378,1072,306
2020-07-07 00:00:00,2,"Hartford",11835,11155,680,1326,29,1382,1065,317
2020-07-07 00:00:00,3,"Litchfield",1509,1446,63,833,0,137,117,20
2020-07-07 00:00:00,4,"Middlesex",1331,1272,59,818,8,187,149,38
2020-07-07 00:00:00,5,"New Haven",12486,12097,389,1456,13,1079,929,150
2020-07-07 00:00:00,6,"New London",1308,1246,62,490,3,102,76,26
2020-07-07 00:00:00,7,"Tolland",926,857,69,614,0,64,50,14
2020-07-07 00:00:00,8,"Windham",626,619,7,535,1,14,13,1
2020-07-08 00:00:00,1,"Fairfield",16886,16245,641,1789,32,1380,1074,306
2020-07-08 00:00:00,2,"Hartford",11866,11185,681,1329,31,1385,1068,317
2020-07-08 00:00:00,3,"Litchfield",1510,1446,64,834,1,137,117,20
2020-07-08 00:00:00,4,"Middlesex",1334,1275,59,820,6,187,149,38
2020-07-08 00:00:00,5,"New Haven",12509,12119,390,1459,17,1079,929,150
2020-07-08 00:00:00,6,"New London",1319,1257,62,494,3,102,76,26
2020-07-08 00:00:00,7,"Tolland",928,859,69,615,0,64,50,14
2020-07-08 00:00:00,8,"Windham",630,622,8,538,0,14,13,1
2020-07-09 00:00:00,1,"Fairfield",16906,16265,641,1791,25,1380,1074,306
2020-07-09 00:00:00,2,"Hartford",11892,11212,680,1332,28,1385,1068,317
2020-07-09 00:00:00,3,"Litchfield",1510,1447,63,834,1,137,117,20
2020-07-09 00:00:00,4,"Middlesex",1335,1276,59,821,5,187,149,38
2020-07-09 00:00:00,5,"New Haven",12532,12142,390,1461,15,1079,929,150
2020-07-09 00:00:00,6,"New London",1322,1263,59,496,3,102,76,26
2020-07-09 00:00:00,7,"Tolland",928,859,69,615,0,64,50,14
2020-07-09 00:00:00,8,"Windham",632,625,7,540,0,14,13,1
2020-07-12 00:00:00,1,"Fairfield",16954,16309,645,1796,23,1385,1075,310
2020-07-12 00:00:00,2,"Hartford",11949,11268,681,1339,18,1391,1074,317
2020-07-12 00:00:00,3,"Litchfield",1512,1448,64,835,1,139,118,21
2020-07-12 00:00:00,4,"Middlesex",1340,1281,59,824,5,187,149,38
2020-07-12 00:00:00,5,"New Haven",12612,12221,391,1471,23,1087,936,151
2020-07-12 00:00:00,6,"New London",1328,1269,59,498,4,101,75,26
2020-07-12 00:00:00,7,"Tolland",935,865,70,620,0,65,50,15
2020-07-12 00:00:00,8,"Windham",636,629,7,543,0,14,13,1
2020-07-13 00:00:00,1,"Fairfield",16960,16317,643,1797,22,1385,1077,308
2020-07-13 00:00:00,2,"Hartford",11950,11269,681,1339,18,1394,1077,317
2020-07-13 00:00:00,3,"Litchfield",1512,1448,64,835,1,138,117,21
2020-07-13 00:00:00,4,"Middlesex",1341,1282,59,824,2,187,149,38
2020-07-13 00:00:00,5,"New Haven",12617,12226,391,1471,20,1087,937,150
2020-07-13 00:00:00,6,"New London",1334,1275,59,500,3,102,76,26
2020-07-13 00:00:00,7,"Tolland",935,867,68,620,0,65,51,14
2020-07-13 00:00:00,8,"Windham",638,631,7,545,0,14,13,1
2020-07-14 00:00:00,1,"Fairfield",16993,16350,643,1800,18,1387,1079,308
2020-07-14 00:00:00,2,"Hartford",11980,11299,681,1342,20,1398,1081,317
2020-07-14 00:00:00,3,"Litchfield",1517,1453,64,838,0,138,117,21
2020-07-14 00:00:00,4,"Middlesex",1346,1287,59,827,4,188,150,38
2020-07-14 00:00:00,5,"New Haven",12643,12252,391,1474,22,1088,938,150
2020-07-14 00:00:00,6,"New London",1339,1280,59,502,3,102,76,26
2020-07-14 00:00:00,7,"Tolland",937,869,68,621,0,65,51,14
2020-07-14 00:00:00,8,"Windham",639,632,7,546,0,14,13,1
2020-07-15 00:00:00,1,"Fairfield",17027,16385,642,1804,20,1391,1083,308
2020-07-15 00:00:00,2,"Hartford",12016,11337,679,1346,20,1402,1086,316
2020-07-15 00:00:00,3,"Litchfield",1520,1456,64,839,0,138,117,21
2020-07-15 00:00:00,4,"Middlesex",1351,1292,59,830,3,189,151,38
2020-07-15 00:00:00,5,"New Haven",12686,12296,390,1479,19,1088,938,150
2020-07-15 00:00:00,6,"New London",1345,1286,59,504,4,102,76,26
2020-07-15 00:00:00,7,"Tolland",937,869,68,621,0,65,51,14
2020-07-15 00:00:00,8,"Windham",642,635,7,549,0,14,13,1
2020-07-16 00:00:00,1,"Fairfield",17069,16426,643,1808,21,1395,1086,309
2020-07-16 00:00:00,2,"Hartford",12046,11366,680,1349,19,1403,1087,316
2020-07-16 00:00:00,3,"Litchfield",1523,1459,64,841,0,138,117,21
2020-07-16 00:00:00,4,"Middlesex",1357,1298,59,834,3,189,151,38
2020-07-16 00:00:00,5,"New Haven",12733,12340,393,1485,20,1090,938,152
2020-07-16 00:00:00,6,"New London",1347,1288,59,505,3,102,76,26
2020-07-16 00:00:00,7,"Tolland",939,871,68,622,0,65,51,14
2020-07-16 00:00:00,8,"Windham",651,644,7,556,0,14,13,1
2020-07-19 00:00:00,1,"Fairfield",17112,16466,646,1813,22,1399,1087,312
2020-07-19 00:00:00,2,"Hartford",12082,11403,679,1353,14,1406,1089,317
2020-07-19 00:00:00,3,"Litchfield",1524,1460,64,841,0,138,117,21
2020-07-19 00:00:00,4,"Middlesex",1359,1300,59,835,3,189,151,38
2020-07-19 00:00:00,5,"New Haven",12788,12396,392,1491,14,1092,940,152
2020-07-19 00:00:00,6,"New London",1356,1297,59,508,1,102,76,26
2020-07-19 00:00:00,7,"Tolland",948,880,68,628,0,65,51,14
2020-07-19 00:00:00,8,"Windham",652,645,7,557,0,15,14,1
2020-07-20 00:00:00,1,"Fairfield",17123,16477,646,1814,20,1399,1087,312
2020-07-20 00:00:00,2,"Hartford",12101,11424,677,1356,18,1406,1089,317
2020-07-20 00:00:00,3,"Litchfield",1525,1461,64,842,1,138,117,21
2020-07-20 00:00:00,4,"Middlesex",1361,1302,59,837,4,189,151,38
2020-07-20 00:00:00,5,"New Haven",12794,12404,390,1492,18,1092,942,150
2020-07-20 00:00:00,6,"New London",1357,1298,59,509,1,102,76,26
2020-07-20 00:00:00,7,"Tolland",946,878,68,627,0,65,51,14
2020-07-20 00:00:00,8,"Windham",653,646,7,558,0,15,14,1
2020-07-21 00:00:00,1,"Fairfield",17164,16508,656,1819,22,1399,1087,312
2020-07-21 00:00:00,2,"Hartford",12147,11458,689,1361,17,1407,1090,317
2020-07-21 00:00:00,3,"Litchfield",1530,1462,68,845,2,138,117,21
2020-07-21 00:00:00,4,"Middlesex",1362,1302,60,837,2,188,150,38
2020-07-21 00:00:00,5,"New Haven",12825,12422,403,1495,18,1092,942,150
2020-07-21 00:00:00,6,"New London",1364,1302,62,511,1,102,76,26
2020-07-21 00:00:00,7,"Tolland",946,880,66,627,0,65,51,14
2020-07-21 00:00:00,8,"Windham",655,648,7,560,1,15,14,1
2020-07-22 00:00:00,1,"Fairfield",17184,16529,655,1821,26,1401,1089,312
2020-07-22 00:00:00,2,"Hartford",12145,11455,690,1360,17,1408,1090,318
2020-07-22 00:00:00,3,"Litchfield",1530,1462,68,845,2,138,117,21
2020-07-22 00:00:00,4,"Middlesex",1360,1300,60,836,2,188,150,38
2020-07-22 00:00:00,5,"New Haven",12835,12433,402,1497,23,1093,943,150
2020-07-22 00:00:00,6,"New London",1352,1290,62,507,1,102,76,26
2020-07-22 00:00:00,7,"Tolland",937,871,66,621,0,65,51,14
2020-07-22 00:00:00,8,"Windham",655,648,7,560,1,15,14,1
2020-07-23 00:00:00,1,"Fairfield",17421,16777,644,1846,23,1402,1089,313
2020-07-23 00:00:00,2,"Hartford",12340,11685,655,1382,19,1408,1090,318
2020-07-23 00:00:00,3,"Litchfield",1560,1495,65,861,0,138,117,21
2020-07-23 00:00:00,4,"Middlesex",1365,1305,60,839,3,188,150,38
2020-07-23 00:00:00,5,"New Haven",12884,12480,404,1502,25,1095,944,151
2020-07-23 00:00:00,6,"New London",1362,1300,62,511,0,102,76,26
2020-07-23 00:00:00,7,"Tolland",964,900,64,639,0,65,51,14
2020-07-23 00:00:00,8,"Windham",658,651,7,562,1,15,14,1
2020-07-26 00:00:00,1,"Fairfield",17459,16805,654,1850,19,1402,1090,312
2020-07-26 00:00:00,2,"Hartford",12390,11731,659,1388,14,1410,1091,319
2020-07-26 00:00:00,3,"Litchfield",1568,1504,64,866,0,138,117,21
2020-07-26 00:00:00,4,"Middlesex",1373,1312,61,844,6,189,151,38
2020-07-26 00:00:00,5,"New Haven",12941,12535,406,1509,19,1097,946,151
2020-07-26 00:00:00,6,"New London",1373,1310,63,515,0,102,76,26
2020-07-26 00:00:00,7,"Tolland",969,906,63,642,0,65,51,14
2020-07-26 00:00:00,8,"Windham",668,660,8,571,1,15,14,1
2020-07-27 00:00:00,1,"Fairfield",17494,16840,654,1854,18,1403,1091,312
2020-07-27 00:00:00,2,"Hartford",12401,11741,660,1389,12,1411,1091,320
2020-07-27 00:00:00,3,"Litchfield",1570,1506,64,867,1,138,117,21
2020-07-27 00:00:00,4,"Middlesex",1374,1313,61,845,3,189,151,38
2020-07-27 00:00:00,5,"New Haven",12965,12561,404,1512,18,1099,949,150
2020-07-27 00:00:00,6,"New London",1382,1319,63,518,0,103,77,26
2020-07-27 00:00:00,7,"Tolland",972,909,63,644,0,65,51,14
2020-07-27 00:00:00,8,"Windham",674,666,8,576,2,15,14,1
2020-07-28 00:00:00,1,"Fairfield",17733,17087,646,1879,19,1404,1092,312
2020-07-28 00:00:00,2,"Hartford",12542,11905,637,1405,14,1411,1092,319
2020-07-28 00:00:00,3,"Litchfield",1593,1529,64,880,2,138,117,21
2020-07-28 00:00:00,4,"Middlesex",1375,1314,61,845,4,189,151,38
2020-07-28 00:00:00,5,"New Haven",12983,12578,405,1514,12,1100,950,150
2020-07-28 00:00:00,6,"New London",1387,1323,64,520,1,103,77,26
2020-07-28 00:00:00,7,"Tolland",1001,938,63,663,0,65,51,14
2020-07-28 00:00:00,8,"Windham",676,668,8,578,1,15,14,1
2020-07-29 00:00:00,1,"Fairfield",17786,17142,644,1884,27,1406,1094,312
2020-07-29 00:00:00,2,"Hartford",12561,11927,634,1407,15,1411,1092,319
2020-07-29 00:00:00,3,"Litchfield",1599,1535,64,883,1,138,117,21
2020-07-29 00:00:00,4,"Middlesex",1377,1316,61,846,4,191,153,38
2020-07-29 00:00:00,5,"New Haven",13013,12608,405,1517,18,1101,951,150
2020-07-29 00:00:00,6,"New London",1396,1333,63,523,1,103,77,26
2020-07-29 00:00:00,7,"Tolland",1011,948,63,670,0,66,52,14
2020-07-29 00:00:00,8,"Windham",685,677,8,585,0,15,14,1
2020-07-30 00:00:00,1,"Fairfield",17793,17147,646,1885,28,1406,1094,312
2020-07-30 00:00:00,2,"Hartford",12645,12008,637,1416,12,1412,1093,319
2020-07-30 00:00:00,3,"Litchfield",1597,1534,63,882,3,138,117,21
2020-07-30 00:00:00,4,"Middlesex",1377,1316,61,846,5,191,153,38
2020-07-30 00:00:00,5,"New Haven",13041,12636,405,1521,19,1101,951,150
2020-07-30 00:00:00,6,"New London",1402,1339,63,526,2,103,77,26
2020-07-30 00:00:00,7,"Tolland",1019,957,62,675,0,66,52,14
2020-07-30 00:00:00,8,"Windham",693,685,8,592,0,15,14,1
2020-08-02 00:00:00,1,"Fairfield",17870,17217,653,1893,13,1408,1096,312
2020-08-02 00:00:00,2,"Hartford",12701,12061,640,1423,13,1412,1092,320
2020-08-02 00:00:00,3,"Litchfield",1598,1535,63,882,1,138,117,21
2020-08-02 00:00:00,4,"Middlesex",1388,1327,61,853,3,191,153,38
2020-08-02 00:00:00,5,"New Haven",13086,12677,409,1526,23,1104,954,150
2020-08-02 00:00:00,6,"New London",1414,1351,63,530,2,103,77,26
2020-08-02 00:00:00,7,"Tolland",1050,989,61,696,0,66,52,14
2020-08-02 00:00:00,8,"Windham",712,703,9,608,1,15,14,1
2020-08-03 00:00:00,1,"Fairfield",17876,17223,653,1894,15,1408,1096,312
2020-08-03 00:00:00,2,"Hartford",12711,12071,640,1424,14,1412,1092,320
2020-08-03 00:00:00,3,"Litchfield",1600,1537,63,883,1,138,117,21
2020-08-03 00:00:00,4,"Middlesex",1391,1330,61,855,4,191,153,38
2020-08-03 00:00:00,5,"New Haven",13100,12692,408,1527,23,1104,954,150
2020-08-03 00:00:00,6,"New London",1421,1358,63,533,2,103,77,26
2020-08-03 00:00:00,7,"Tolland",1053,992,61,698,0,66,52,14
2020-08-03 00:00:00,8,"Windham",716,707,9,612,1,15,14,1
2020-08-04 00:00:00,1,"Fairfield",17912,17257,655,1898,9,1408,1096,312
2020-08-04 00:00:00,2,"Hartford",12733,12094,639,1426,18,1412,1092,320
2020-08-04 00:00:00,3,"Litchfield",1606,1543,63,887,1,138,117,21
2020-08-04 00:00:00,4,"Middlesex",1396,1335,61,858,4,191,153,38
2020-08-04 00:00:00,5,"New Haven",13118,12711,407,1530,21,1104,954,150
2020-08-04 00:00:00,6,"New London",1428,1366,62,535,5,103,77,26
2020-08-04 00:00:00,7,"Tolland",1056,995,61,700,0,66,52,14
2020-08-04 00:00:00,8,"Windham",722,713,9,617,1,15,14,1
2020-08-05 00:00:00,1,"Fairfield",17926,17270,656,1899,14,1406,1094,312
2020-08-05 00:00:00,2,"Hartford",12745,12104,641,1428,20,1414,1094,320
2020-08-05 00:00:00,3,"Litchfield",1607,1544,63,887,1,138,117,21
2020-08-05 00:00:00,4,"Middlesex",1395,1334,61,858,7,191,153,38
2020-08-05 00:00:00,5,"New Haven",13128,12719,409,1531,20,1104,954,150
2020-08-05 00:00:00,6,"New London",1431,1369,62,536,4,103,77,26
2020-08-05 00:00:00,7,"Tolland",1055,994,61,699,0,66,52,14
2020-08-05 00:00:00,8,"Windham",724,715,9,619,0,15,14,1
2020-08-06 00:00:00,1,"Fairfield",17956,17301,655,1902,12,1408,1096,312
2020-08-06 00:00:00,2,"Hartford",12761,12119,642,1429,18,1415,1094,321
2020-08-06 00:00:00,3,"Litchfield",1610,1547,63,889,1,138,117,21
2020-08-06 00:00:00,4,"Middlesex",1396,1335,61,858,6,192,154,38
2020-08-06 00:00:00,5,"New Haven",13145,12733,412,1533,22,1104,954,150
2020-08-06 00:00:00,6,"New London",1433,1371,62,537,6,103,77,26
2020-08-06 00:00:00,7,"Tolland",1056,995,61,700,0,66,52,14
2020-08-06 00:00:00,8,"Windham",726,717,9,620,0,15,14,1
2020-08-09 00:00:00,1,"Fairfield",18035,17376,659,1911,21,1409,1097,312
2020-08-09 00:00:00,2,"Hartford",12800,12155,645,1434,13,1415,1094,321
2020-08-09 00:00:00,3,"Litchfield",1615,1550,65,892,1,138,117,21
2020-08-09 00:00:00,4,"Middlesex",1405,1343,62,864,10,192,154,38
2020-08-09 00:00:00,5,"New Haven",13224,12807,417,1542,17,1106,955,151
2020-08-09 00:00:00,6,"New London",1457,1395,62,546,2,103,77,26
2020-08-09 00:00:00,7,"Tolland",1056,995,61,700,0,66,52,14
2020-08-09 00:00:00,8,"Windham",738,729,9,631,0,15,14,1
2020-08-10 00:00:00,1,"Fairfield",18081,17421,660,1916,24,1409,1097,312
2020-08-10 00:00:00,2,"Hartford",12826,12183,643,1437,14,1415,1095,320
2020-08-10 00:00:00,3,"Litchfield",1618,1553,65,893,1,138,117,21
2020-08-10 00:00:00,4,"Middlesex",1408,1346,62,865,8,192,154,38
2020-08-10 00:00:00,5,"New Haven",13240,12821,419,1544,20,1106,955,151
2020-08-10 00:00:00,6,"New London",1467,1403,64,550,3,103,77,26
2020-08-10 00:00:00,7,"Tolland",1056,995,61,700,0,66,52,14
2020-08-10 00:00:00,8,"Windham",745,735,10,637,0,15,14,1
2020-08-11 00:00:00,1,"Fairfield",18088,17427,661,1916,18,1410,1098,312
2020-08-11 00:00:00,2,"Hartford",12830,12184,646,1437,15,1416,1096,320
2020-08-11 00:00:00,3,"Litchfield",1617,1552,65,893,0,139,118,21
2020-08-11 00:00:00,4,"Middlesex",1408,1345,63,865,8,192,154,38
2020-08-11 00:00:00,5,"New Haven",13254,12834,420,1545,14,1109,957,152
2020-08-11 00:00:00,6,"New London",1469,1404,65,551,3,104,78,26
2020-08-11 00:00:00,7,"Tolland",1056,995,61,700,0,65,51,14
2020-08-11 00:00:00,8,"Windham",748,738,10,639,0,15,14,1
2020-08-12 00:00:00,1,"Fairfield",18126,17461,665,1920,21,1410,1098,312
2020-08-12 00:00:00,2,"Hartford",12855,12207,648,1440,16,1416,1096,320
2020-08-12 00:00:00,3,"Litchfield",1620,1554,66,894,0,139,118,21
2020-08-12 00:00:00,4,"Middlesex",1411,1348,63,867,8,192,154,38
2020-08-12 00:00:00,5,"New Haven",13272,12852,420,1548,16,1109,957,152
2020-08-12 00:00:00,6,"New London",1475,1410,65,553,2,104,78,26
2020-08-12 00:00:00,7,"Tolland",1056,995,61,700,0,65,51,14
2020-08-12 00:00:00,8,"Windham",751,741,10,642,0,15,14,1
2020-08-13 00:00:00,1,"Fairfield",18160,17494,666,1924,17,1410,1098,312
2020-08-13 00:00:00,2,"Hartford",12871,12221,650,1442,14,1419,1099,320
2020-08-13 00:00:00,3,"Litchfield",1632,1565,67,901,0,139,118,21
2020-08-13 00:00:00,4,"Middlesex",1414,1351,63,869,6,192,154,38
2020-08-13 00:00:00,5,"New Haven",13316,12896,420,1553,17,1109,957,152
2020-08-13 00:00:00,6,"New London",1477,1414,63,554,2,104,78,26
2020-08-13 00:00:00,7,"Tolland",1056,995,61,700,0,65,51,14
2020-08-13 00:00:00,8,"Windham",755,745,10,645,0,15,14,1
2020-08-16 00:00:00,1,"Fairfield",18317,17648,669,1941,11,1411,1099,312
2020-08-16 00:00:00,2,"Hartford",12956,12308,648,1451,7,1420,1100,320
2020-08-16 00:00:00,3,"Litchfield",1637,1570,67,904,0,139,118,21
2020-08-16 00:00:00,4,"Middlesex",1425,1363,62,876,4,192,154,38
2020-08-16 00:00:00,5,"New Haven",13378,12956,422,1560,18,1109,957,152
2020-08-16 00:00:00,6,"New London",1499,1433,66,562,2,105,79,26
2020-08-16 00:00:00,7,"Tolland",1059,997,62,702,0,65,51,14
2020-08-16 00:00:00,8,"Windham",762,752,10,651,0,15,14,1
2020-08-17 00:00:00,1,"Fairfield",18322,17650,672,1941,14,1411,1098,313
2020-08-17 00:00:00,2,"Hartford",12949,12301,648,1451,9,1420,1100,320
2020-08-17 00:00:00,3,"Litchfield",1636,1569,67,903,0,139,118,21
2020-08-17 00:00:00,4,"Middlesex",1424,1362,62,875,4,192,154,38
2020-08-17 00:00:00,5,"New Haven",13376,12954,422,1560,18,1109,957,152
2020-08-17 00:00:00,6,"New London",1497,1431,66,561,2,105,79,26
2020-08-17 00:00:00,7,"Tolland",1075,1013,62,712,0,65,51,14
2020-08-17 00:00:00,8,"Windham",762,752,10,651,0,15,14,1
2020-08-18 00:00:00,1,"Fairfield",18347,17671,676,1944,12,1410,1097,313
2020-08-18 00:00:00,2,"Hartford",12956,12308,648,1451,9,1419,1100,319
2020-08-18 00:00:00,3,"Litchfield",1638,1570,68,904,0,139,118,21
2020-08-18 00:00:00,4,"Middlesex",1425,1363,62,876,4,192,154,38
2020-08-18 00:00:00,5,"New Haven",13388,12965,423,1561,21,1111,959,152
2020-08-18 00:00:00,6,"New London",1499,1433,66,562,3,106,79,27
2020-08-18 00:00:00,7,"Tolland",1081,1019,62,716,0,65,51,14
2020-08-18 00:00:00,8,"Windham",767,757,10,655,0,15,14,1
2020-08-19 00:00:00,1,"Fairfield",18401,17722,679,1950,11,1410,1097,313
2020-08-19 00:00:00,2,"Hartford",12978,12330,648,1454,9,1420,1100,320
2020-08-19 00:00:00,3,"Litchfield",1642,1573,69,907,0,139,118,21
2020-08-19 00:00:00,4,"Middlesex",1425,1363,62,876,5,192,154,38
2020-08-19 00:00:00,5,"New Haven",13422,12999,423,1565,20,1111,959,152
2020-08-19 00:00:00,6,"New London",1503,1437,66,563,2,106,79,27
2020-08-19 00:00:00,7,"Tolland",1082,1019,63,717,0,65,51,14
2020-08-19 00:00:00,8,"Windham",767,757,10,655,0,15,14,1
2020-08-20 00:00:00,1,"Fairfield",18434,17749,685,1953,12,1411,1098,313
2020-08-20 00:00:00,2,"Hartford",13002,12355,647,1456,14,1422,1102,320
2020-08-20 00:00:00,3,"Litchfield",1645,1576,69,908,0,139,118,21
2020-08-20 00:00:00,4,"Middlesex",1426,1364,62,877,5,192,154,38
2020-08-20 00:00:00,5,"New Haven",13442,13013,429,1567,20,1111,959,152
2020-08-20 00:00:00,6,"New London",1505,1438,67,564,3,105,78,27
2020-08-20 00:00:00,7,"Tolland",1083,1020,63,718,0,65,51,14
2020-08-20 00:00:00,8,"Windham",768,758,10,656,0,15,14,1
2020-08-23 00:00:00,1,"Fairfield",18605,17899,706,1971,12,1411,1098,313
2020-08-23 00:00:00,2,"Hartford",13180,12532,648,1476,14,1422,1102,320
2020-08-23 00:00:00,3,"Litchfield",1658,1588,70,915,0,139,118,21
2020-08-23 00:00:00,4,"Middlesex",1434,1371,63,881,5,192,154,38
2020-08-23 00:00:00,5,"New Haven",13518,13083,435,1576,22,1111,959,152
2020-08-23 00:00:00,6,"New London",1517,1450,67,569,4,105,78,27
2020-08-23 00:00:00,7,"Tolland",1085,1023,62,719,0,65,51,14
2020-08-23 00:00:00,8,"Windham",780,770,10,667,0,15,14,1
2020-08-24 00:00:00,1,"Fairfield",18622,17916,706,1973,15,1412,1099,313
2020-08-24 00:00:00,2,"Hartford",13184,12538,646,1477,15,1424,1105,319
2020-08-24 00:00:00,3,"Litchfield",1658,1588,70,915,0,139,118,21
2020-08-24 00:00:00,4,"Middlesex",1436,1373,63,883,5,192,154,38
2020-08-24 00:00:00,5,"New Haven",13524,13091,433,1577,20,1110,960,150
2020-08-24 00:00:00,6,"New London",1520,1453,67,570,4,106,79,27
2020-08-24 00:00:00,7,"Tolland",1090,1028,62,722,0,65,51,14
2020-08-24 00:00:00,8,"Windham",780,770,10,667,0,15,14,1
2020-08-25 00:00:00,1,"Fairfield",18667,17955,712,1978,16,1413,1099,314
2020-08-25 00:00:00,2,"Hartford",13273,12627,646,1487,15,1424,1105,319
2020-08-25 00:00:00,3,"Litchfield",1662,1590,72,918,0,139,118,21
2020-08-25 00:00:00,4,"Middlesex",1437,1374,63,883,4,192,154,38
2020-08-25 00:00:00,5,"New Haven",13556,13118,438,1581,19,1109,959,150
2020-08-25 00:00:00,6,"New London",1526,1458,68,572,3,106,79,27
2020-08-25 00:00:00,7,"Tolland",1093,1027,66,724,0,65,51,14
2020-08-25 00:00:00,8,"Windham",785,775,10,671,0,15,14,1
2020-08-26 00:00:00,1,"Fairfield",18721,18005,716,1984,15,1413,1099,314
2020-08-26 00:00:00,2,"Hartford",13307,12660,647,1491,14,1426,1105,321
2020-08-26 00:00:00,3,"Litchfield",1673,1600,73,924,0,139,118,21
2020-08-26 00:00:00,4,"Middlesex",1438,1375,63,884,2,192,154,38
2020-08-26 00:00:00,5,"New Haven",13584,13143,441,1584,21,1109,959,150
2020-08-26 00:00:00,6,"New London",1526,1459,67,572,4,106,79,27
2020-08-26 00:00:00,7,"Tolland",1112,1045,67,737,0,65,51,14
2020-08-26 00:00:00,8,"Windham",785,775,10,671,0,15,14,1
2020-08-27 00:00:00,1,"Fairfield",18774,18049,725,1989,14,1413,1099,314
2020-08-27 00:00:00,2,"Hartford",13392,12739,653,1500,17,1426,1105,321
2020-08-27 00:00:00,3,"Litchfield",1688,1614,74,932,1,139,118,21
2020-08-27 00:00:00,4,"Middlesex",1446,1382,64,889,2,192,154,38
2020-08-27 00:00:00,5,"New Haven",13622,13177,445,1588,22,1109,959,150
2020-08-27 00:00:00,6,"New London",1554,1486,68,582,3,106,79,27
2020-08-27 00:00:00,7,"Tolland",1126,1059,67,746,0,65,51,14
2020-08-27 00:00:00,8,"Windham",789,779,10,674,1,15,14,1
2020-08-30 00:00:00,1,"Fairfield",18903,18165,738,2003,14,1414,1100,314
2020-08-30 00:00:00,2,"Hartford",13504,12845,659,1513,13,1425,1104,321
2020-08-30 00:00:00,3,"Litchfield",1709,1636,73,944,1,138,118,20
2020-08-30 00:00:00,4,"Middlesex",1455,1391,64,894,4,192,154,38
2020-08-30 00:00:00,5,"New Haven",13675,13230,445,1595,16,1109,959,150
2020-08-30 00:00:00,6,"New London",1577,1509,68,591,4,107,80,27
2020-08-30 00:00:00,7,"Tolland",1145,1078,67,759,0,65,51,14
2020-08-30 00:00:00,8,"Windham",801,791,10,684,0,15,14,1
2020-08-31 00:00:00,1,"Fairfield",18939,18204,735,2007,13,1415,1101,314
2020-08-31 00:00:00,2,"Hartford",13529,12870,659,1516,15,1425,1104,321
2020-08-31 00:00:00,3,"Litchfield",1713,1640,73,946,1,138,118,20
2020-08-31 00:00:00,4,"Middlesex",1466,1402,64,901,5,192,154,38
2020-08-31 00:00:00,5,"New Haven",13711,13266,445,1599,17,1109,959,150
2020-08-31 00:00:00,6,"New London",1587,1519,68,595,4,107,80,27
2020-08-31 00:00:00,7,"Tolland",1147,1080,67,760,0,65,51,14
2020-08-31 00:00:00,8,"Windham",807,797,10,690,1,15,14,1
2020-09-01 00:00:00,1,"Fairfield",18965,18229,736,2009,16,1415,1101,314
2020-09-01 00:00:00,2,"Hartford",13561,12901,660,1519,14,1426,1105,321
2020-09-01 00:00:00,3,"Litchfield",1717,1644,73,948,2,138,118,20
2020-09-01 00:00:00,4,"Middlesex",1469,1405,64,903,5,192,154,38
2020-09-01 00:00:00,5,"New Haven",13736,13288,448,1602,22,1109,959,150
2020-09-01 00:00:00,6,"New London",1590,1522,68,596,6,107,80,27
2020-09-01 00:00:00,7,"Tolland",1153,1085,68,764,0,65,51,14
2020-09-01 00:00:00,8,"Windham",810,800,10,692,0,15,14,1
2020-09-02 00:00:00,1,"Fairfield",18995,18257,738,2013,16,1415,1101,314
2020-09-02 00:00:00,2,"Hartford",13598,12938,660,1523,16,1426,1105,321
2020-09-02 00:00:00,3,"Litchfield",1721,1648,73,950,3,139,119,20
2020-09-02 00:00:00,4,"Middlesex",1469,1405,64,903,5,192,154,38
2020-09-02 00:00:00,5,"New Haven",13763,13314,449,1605,18,1109,959,150
2020-09-02 00:00:00,6,"New London",1598,1530,68,599,7,107,80,27
2020-09-02 00:00:00,7,"Tolland",1158,1089,69,767,0,65,51,14
2020-09-02 00:00:00,8,"Windham",810,800,10,692,0,15,14,1
2020-09-03 00:00:00,1,"Fairfield",19031,18292,739,2016,14,1415,1101,314
2020-09-03 00:00:00,2,"Hartford",13635,12972,663,1527,15,1426,1105,321
2020-09-03 00:00:00,3,"Litchfield",1728,1654,74,954,2,139,119,20
2020-09-03 00:00:00,4,"Middlesex",1484,1419,65,912,6,192,154,38
2020-09-03 00:00:00,5,"New Haven",13793,13339,454,1608,14,1109,959,150
2020-09-03 00:00:00,6,"New London",1620,1552,68,607,7,107,80,27
2020-09-03 00:00:00,7,"Tolland",1161,1092,69,769,0,65,51,14
2020-09-03 00:00:00,8,"Windham",813,803,10,695,0,15,14,1
2020-09-07 00:00:00,1,"Fairfield",19135,18385,750,2027,8,1417,1103,314
2020-09-07 00:00:00,2,"Hartford",13771,13099,672,1543,16,1428,1107,321
2020-09-07 00:00:00,3,"Litchfield",1751,1673,78,967,4,139,119,20
2020-09-07 00:00:00,4,"Middlesex",1496,1431,65,920,2,193,155,38
2020-09-07 00:00:00,5,"New Haven",13858,13390,468,1616,14,1109,959,150
2020-09-07 00:00:00,6,"New London",1643,1575,68,616,6,108,81,27
2020-09-07 00:00:00,7,"Tolland",1191,1118,73,789,0,65,51,14
2020-09-07 00:00:00,8,"Windham",825,815,10,705,0,15,14,1
2020-09-08 00:00:00,1,"Fairfield",19159,18405,754,2030,9,1417,1103,314
2020-09-08 00:00:00,2,"Hartford",13796,13123,673,1545,20,1428,1107,321
2020-09-08 00:00:00,3,"Litchfield",1752,1673,79,967,5,139,119,20
2020-09-08 00:00:00,4,"Middlesex",1499,1434,65,921,2,193,155,38
2020-09-08 00:00:00,5,"New Haven",13877,13407,470,1618,15,1109,959,150
2020-09-08 00:00:00,6,"New London",1649,1581,68,618,6,108,81,27
2020-09-08 00:00:00,7,"Tolland",1200,1118,82,795,0,65,51,14
2020-09-08 00:00:00,8,"Windham",828,818,10,708,0,15,14,1
2020-09-09 00:00:00,1,"Fairfield",19260,18495,765,2041,9,1417,1103,314
2020-09-09 00:00:00,2,"Hartford",13853,13186,667,1552,15,1430,1109,321
2020-09-09 00:00:00,3,"Litchfield",1763,1684,79,973,5,139,119,20
2020-09-09 00:00:00,4,"Middlesex",1505,1440,65,925,1,193,155,38
2020-09-09 00:00:00,5,"New Haven",13917,13445,472,1623,14,1110,960,150
2020-09-09 00:00:00,6,"New London",1649,1581,68,618,8,109,82,27
2020-09-09 00:00:00,7,"Tolland",1215,1128,87,805,0,65,51,14
2020-09-09 00:00:00,8,"Windham",828,818,10,708,0,15,14,1
2020-09-10 00:00:00,1,"Fairfield",19360,18589,771,2051,11,1418,1104,314
2020-09-10 00:00:00,2,"Hartford",13886,13220,666,1556,16,1430,1109,321
2020-09-10 00:00:00,3,"Litchfield",1773,1692,81,979,4,139,119,20
2020-09-10 00:00:00,4,"Middlesex",1512,1447,65,929,1,193,155,38
2020-09-10 00:00:00,5,"New Haven",13961,13486,475,1628,13,1110,960,150
2020-09-10 00:00:00,6,"New London",1651,1583,68,619,6,110,83,27
2020-09-10 00:00:00,7,"Tolland",1232,1140,92,816,0,65,51,14
2020-09-10 00:00:00,8,"Windham",844,834,10,721,0,15,14,1
2020-09-13 00:00:00,1,"Fairfield",19518,18739,779,2068,15,1419,1105,314
2020-09-13 00:00:00,2,"Hartford",14060,13389,671,1575,22,1431,1109,322
2020-09-13 00:00:00,3,"Litchfield",1793,1708,85,990,3,140,119,21
2020-09-13 00:00:00,4,"Middlesex",1524,1456,68,937,2,193,154,39
2020-09-13 00:00:00,5,"New Haven",14059,13574,485,1639,16,1111,955,156
2020-09-13 00:00:00,6,"New London",1677,1608,69,629,5,111,83,28
2020-09-13 00:00:00,7,"Tolland",1270,1171,99,841,0,65,51,14
2020-09-13 00:00:00,8,"Windham",868,858,10,742,1,15,14,1
2020-09-14 00:00:00,1,"Fairfield",19558,18782,776,2072,12,1419,1105,314
2020-09-14 00:00:00,2,"Hartford",14099,13429,670,1579,28,1431,1109,322
2020-09-14 00:00:00,3,"Litchfield",1798,1715,83,993,2,140,119,21
2020-09-14 00:00:00,4,"Middlesex",1527,1459,68,939,2,193,154,39
2020-09-14 00:00:00,5,"New Haven",14082,13596,486,1642,22,1111,955,156
2020-09-14 00:00:00,6,"New London",1682,1613,69,630,4,111,83,28
2020-09-14 00:00:00,7,"Tolland",1281,1185,96,849,0,65,51,14
2020-09-14 00:00:00,8,"Windham",878,868,10,750,1,15,14,1
2020-09-15 00:00:00,1,"Fairfield",19611,18826,785,2078,10,1419,1105,314
2020-09-15 00:00:00,2,"Hartford",14130,13456,674,1583,29,1433,1111,322
2020-09-15 00:00:00,3,"Litchfield",1804,1717,87,996,2,140,119,21
2020-09-15 00:00:00,4,"Middlesex",1531,1462,69,941,3,193,154,39
2020-09-15 00:00:00,5,"New Haven",14102,13612,490,1644,21,1111,955,156
2020-09-15 00:00:00,6,"New London",1689,1620,69,633,4,111,83,28
2020-09-15 00:00:00,7,"Tolland",1283,1185,98,850,0,65,51,14
2020-09-15 00:00:00,8,"Windham",884,874,10,755,1,15,14,1
2020-09-16 00:00:00,1,"Fairfield",19678,18892,786,2085,16,1419,1105,314
2020-09-16 00:00:00,2,"Hartford",14205,13528,677,1591,27,1434,1112,322
2020-09-16 00:00:00,3,"Litchfield",1815,1727,88,1002,2,140,119,21
2020-09-16 00:00:00,4,"Middlesex",1537,1468,69,945,4,193,154,39
2020-09-16 00:00:00,5,"New Haven",14145,13651,494,1649,21,1111,955,156
2020-09-16 00:00:00,6,"New London",1705,1635,70,639,4,111,83,28
2020-09-16 00:00:00,7,"Tolland",1289,1189,100,854,0,65,51,14
2020-09-16 00:00:00,8,"Windham",890,880,10,761,1,15,14,1
2020-09-17 00:00:00,1,"Fairfield",19716,18927,789,2089,17,1420,1106,314
2020-09-17 00:00:00,2,"Hartford",14253,13576,677,1597,27,1434,1112,322
2020-09-17 00:00:00,3,"Litchfield",1822,1733,89,1006,1,140,119,21
2020-09-17 00:00:00,4,"Middlesex",1542,1472,70,948,4,193,154,39
2020-09-17 00:00:00,5,"New Haven",14164,13667,497,1652,25,1111,955,156
2020-09-17 00:00:00,6,"New London",1717,1646,71,644,2,114,86,28
2020-09-17 00:00:00,7,"Tolland",1293,1192,101,857,0,65,51,14
2020-09-17 00:00:00,8,"Windham",899,889,10,768,1,15,14,1
2020-09-20 00:00:00,1,"Fairfield",19848,19053,795,2103,16,1420,1106,314
2020-09-20 00:00:00,2,"Hartford",14370,13691,679,1610,21,1434,1112,322
2020-09-20 00:00:00,3,"Litchfield",1841,1750,91,1017,1,140,119,21
2020-09-20 00:00:00,4,"Middlesex",1552,1483,69,954,2,193,154,39
2020-09-20 00:00:00,5,"New Haven",14261,13761,500,1663,21,1112,956,156
2020-09-20 00:00:00,6,"New London",1774,1701,73,665,4,114,86,28
2020-09-20 00:00:00,7,"Tolland",1312,1202,110,869,0,66,52,14
2020-09-20 00:00:00,8,"Windham",924,913,11,790,3,15,14,1
2020-09-21 00:00:00,1,"Fairfield",19891,19093,798,2107,17,1421,1107,314
2020-09-21 00:00:00,2,"Hartford",14414,13729,685,1615,22,1434,1112,322
2020-09-21 00:00:00,3,"Litchfield",1845,1754,91,1019,1,140,119,21
2020-09-21 00:00:00,4,"Middlesex",1556,1487,69,956,2,193,154,39
2020-09-21 00:00:00,5,"New Haven",14278,13777,501,1665,17,1113,957,156
2020-09-21 00:00:00,6,"New London",1782,1709,73,668,8,114,86,28
2020-09-21 00:00:00,7,"Tolland",1323,1209,114,877,0,66,52,14
2020-09-21 00:00:00,8,"Windham",934,923,11,798,3,15,14,1
2020-09-22 00:00:00,1,"Fairfield",19949,19147,802,2114,17,1421,1107,314
2020-09-22 00:00:00,2,"Hartford",14456,13775,681,1619,26,1434,1112,322
2020-09-22 00:00:00,3,"Litchfield",1849,1758,91,1021,1,140,119,21
2020-09-22 00:00:00,4,"Middlesex",1560,1491,69,959,3,193,154,39
2020-09-22 00:00:00,5,"New Haven",14294,13792,502,1667,14,1114,957,157
2020-09-22 00:00:00,6,"New London",1803,1730,73,676,9,114,86,28
2020-09-22 00:00:00,7,"Tolland",1328,1215,113,880,0,66,52,14
2020-09-22 00:00:00,8,"Windham",941,930,11,804,3,15,14,1
2020-09-23 00:00:00,1,"Fairfield",19985,19178,807,2117,14,1421,1107,314
2020-09-23 00:00:00,2,"Hartford",14506,13821,685,1625,28,1434,1112,322
2020-09-23 00:00:00,3,"Litchfield",1856,1763,93,1025,0,141,120,21
2020-09-23 00:00:00,4,"Middlesex",1564,1495,69,961,1,193,154,39
2020-09-23 00:00:00,5,"New Haven",14319,13816,503,1670,14,1115,958,157
2020-09-23 00:00:00,6,"New London",1830,1756,74,686,11,114,86,28
2020-09-23 00:00:00,7,"Tolland",1334,1221,113,884,0,66,52,14
2020-09-23 00:00:00,8,"Windham",948,937,11,810,4,15,14,1
2020-09-24 00:00:00,1,"Fairfield",20015,19205,810,2121,15,1422,1108,314
2020-09-24 00:00:00,2,"Hartford",14539,13854,685,1629,30,1434,1112,322
2020-09-24 00:00:00,3,"Litchfield",1857,1764,93,1025,0,141,120,21
2020-09-24 00:00:00,4,"Middlesex",1566,1497,69,963,2,193,154,39
2020-09-24 00:00:00,5,"New Haven",14340,13830,510,1672,14,1115,958,157
2020-09-24 00:00:00,6,"New London",1843,1769,74,691,11,114,86,28
2020-09-24 00:00:00,7,"Tolland",1337,1223,114,886,0,67,52,15
2020-09-24 00:00:00,8,"Windham",958,946,12,819,4,15,14,1
2020-09-27 00:00:00,1,"Fairfield",20141,19324,817,2134,16,1422,1108,314
2020-09-27 00:00:00,2,"Hartford",14670,13981,689,1643,25,1434,1112,322
2020-09-27 00:00:00,3,"Litchfield",1872,1777,95,1034,0,141,120,21
2020-09-27 00:00:00,4,"Middlesex",1583,1511,72,973,3,193,154,39
2020-09-27 00:00:00,5,"New Haven",14434,13907,527,1683,16,1115,958,157
2020-09-27 00:00:00,6,"New London",1959,1882,77,734,14,115,87,28
2020-09-27 00:00:00,7,"Tolland",1356,1245,111,898,0,67,52,15
2020-09-27 00:00:00,8,"Windham",985,973,12,842,1,16,15,1
2020-09-28 00:00:00,1,"Fairfield",20190,19370,820,2139,20,1422,1108,314
2020-09-28 00:00:00,2,"Hartford",14737,14045,692,1651,31,1436,1114,322
2020-09-28 00:00:00,3,"Litchfield",1874,1779,95,1035,0,141,120,21
2020-09-28 00:00:00,4,"Middlesex",1588,1516,72,976,5,193,154,39
2020-09-28 00:00:00,5,"New Haven",14451,13923,528,1685,21,1115,958,157
2020-09-28 00:00:00,6,"New London",1994,1917,77,747,13,115,87,28
2020-09-28 00:00:00,7,"Tolland",1359,1249,110,900,0,67,52,15
2020-09-28 00:00:00,8,"Windham",990,978,12,846,2,16,15,1
2020-09-29 00:00:00,1,"Fairfield",20225,19403,822,2143,23,1422,1108,314
2020-09-29 00:00:00,2,"Hartford",14801,14107,694,1658,38,1437,1115,322
2020-09-29 00:00:00,3,"Litchfield",1884,1785,99,1040,1,141,120,21
2020-09-29 00:00:00,4,"Middlesex",1599,1526,73,983,5,193,154,39
2020-09-29 00:00:00,5,"New Haven",14477,13947,530,1688,19,1115,958,157
2020-09-29 00:00:00,6,"New London",2053,1976,77,770,16,117,88,29
2020-09-29 00:00:00,7,"Tolland",1363,1253,110,903,0,67,52,15
2020-09-29 00:00:00,8,"Windham",997,985,12,852,2,16,15,1
2020-09-30 00:00:00,1,"Fairfield",20264,19436,828,2147,20,1422,1108,314
2020-09-30 00:00:00,2,"Hartford",14874,14175,699,1666,39,1439,1117,322
2020-09-30 00:00:00,3,"Litchfield",1890,1791,99,1044,2,141,120,21
2020-09-30 00:00:00,4,"Middlesex",1604,1531,73,986,5,193,154,39
2020-09-30 00:00:00,5,"New Haven",14520,13987,533,1693,24,1115,958,157
2020-09-30 00:00:00,6,"New London",2087,2009,78,782,15,118,89,29
2020-09-30 00:00:00,7,"Tolland",1370,1260,110,908,0,67,52,15
2020-09-30 00:00:00,8,"Windham",1004,992,12,858,2,16,15,1
2020-10-01 00:00:00,1,"Fairfield",20400,19574,826,2161,22,1423,1109,314
2020-10-01 00:00:00,2,"Hartford",14989,14293,696,1679,41,1439,1117,322
2020-10-01 00:00:00,3,"Litchfield",1899,1802,97,1049,2,141,120,21
2020-10-01 00:00:00,4,"Middlesex",1614,1541,73,992,3,193,154,39
2020-10-01 00:00:00,5,"New Haven",14583,14044,539,1700,23,1115,958,157
2020-10-01 00:00:00,6,"New London",2206,2126,80,827,17,119,89,30
2020-10-01 00:00:00,7,"Tolland",1449,1342,107,960,0,67,52,15
2020-10-01 00:00:00,8,"Windham",1025,1013,12,876,2,16,15,1
2020-10-04 00:00:00,1,"Fairfield",20587,19770,817,2181,25,1423,1110,313
2020-10-04 00:00:00,2,"Hartford",15235,14542,693,1707,41,1440,1118,322
2020-10-04 00:00:00,3,"Litchfield",1921,1832,89,1061,3,141,120,21
2020-10-04 00:00:00,4,"Middlesex",1627,1554,73,1000,4,193,154,39
2020-10-04 00:00:00,5,"New Haven",14715,14180,535,1716,28,1115,958,157
2020-10-04 00:00:00,6,"New London",2349,2268,81,880,26,122,92,30
2020-10-04 00:00:00,7,"Tolland",1473,1365,108,976,0,67,52,15
2020-10-04 00:00:00,8,"Windham",1056,1044,12,902,2,16,15,1
2020-10-05 00:00:00,1,"Fairfield",20587,19768,819,2181,26,1425,1112,313
2020-10-05 00:00:00,2,"Hartford",15272,14583,689,1711,38,1440,1118,322
2020-10-05 00:00:00,3,"Litchfield",1911,1823,88,1055,2,141,120,21
2020-10-05 00:00:00,4,"Middlesex",1631,1560,71,1003,4,193,154,39
2020-10-05 00:00:00,5,"New Haven",14722,14184,538,1717,30,1115,958,157
2020-10-05 00:00:00,6,"New London",2413,2331,82,904,27,124,94,30
2020-10-05 00:00:00,7,"Tolland",1477,1370,107,979,0,67,52,15
2020-10-05 00:00:00,8,"Windham",1072,1059,13,916,2,16,15,1
2020-10-06 00:00:00,1,"Fairfield",20612,19792,820,2184,25,1425,1112,313
2020-10-06 00:00:00,2,"Hartford",15341,14657,684,1719,44,1440,1118,322
2020-10-06 00:00:00,3,"Litchfield",1915,1827,88,1057,1,141,120,21
2020-10-06 00:00:00,4,"Middlesex",1635,1564,71,1005,6,193,154,39
2020-10-06 00:00:00,5,"New Haven",14749,14212,537,1720,32,1115,958,157
2020-10-06 00:00:00,6,"New London",2426,2344,82,909,28,124,94,30
2020-10-06 00:00:00,7,"Tolland",1484,1377,107,983,0,67,52,15
2020-10-06 00:00:00,8,"Windham",1079,1066,13,922,2,17,16,1
2020-10-07 00:00:00,1,"Fairfield",20701,19870,831,2193,24,1425,1112,313
2020-10-07 00:00:00,2,"Hartford",15434,14748,686,1729,36,1442,1120,322
2020-10-07 00:00:00,3,"Litchfield",1916,1829,87,1058,1,141,120,21
2020-10-07 00:00:00,4,"Middlesex",1652,1582,70,1015,6,193,154,39
2020-10-07 00:00:00,5,"New Haven",14830,14294,536,1729,31,1117,960,157
2020-10-07 00:00:00,6,"New London",2515,2433,82,943,27,125,95,30
2020-10-07 00:00:00,7,"Tolland",1494,1387,107,990,0,67,52,15
2020-10-07 00:00:00,8,"Windham",1097,1084,13,937,3,17,16,1
2020-10-08 00:00:00,1,"Fairfield",20752,19914,838,2199,35,1426,1112,314
2020-10-08 00:00:00,2,"Hartford",15520,14828,692,1739,32,1442,1120,322
2020-10-08 00:00:00,3,"Litchfield",1919,1832,87,1060,1,141,120,21
2020-10-08 00:00:00,4,"Middlesex",1667,1596,71,1025,5,193,154,39
2020-10-08 00:00:00,5,"New Haven",14877,14335,542,1735,31,1118,961,157
2020-10-08 00:00:00,6,"New London",2570,2487,83,963,25,126,96,30
2020-10-08 00:00:00,7,"Tolland",1502,1393,109,995,1,67,52,15
2020-10-08 00:00:00,8,"Windham",1108,1095,13,947,4,17,16,1
2020-10-11 00:00:00,1,"Fairfield",21052,20206,846,2231,42,1426,1112,314
2020-10-11 00:00:00,2,"Hartford",15836,15132,704,1774,38,1443,1121,322
2020-10-11 00:00:00,3,"Litchfield",1940,1850,90,1071,0,141,120,21
2020-10-11 00:00:00,4,"Middlesex",1709,1638,71,1051,9,193,154,39
2020-10-11 00:00:00,5,"New Haven",15164,14634,530,1768,36,1119,962,157
2020-10-11 00:00:00,6,"New London",2837,2754,83,1063,25,126,96,30
2020-10-11 00:00:00,7,"Tolland",1520,1411,109,1007,1,67,52,15
2020-10-11 00:00:00,8,"Windham",1157,1142,15,989,4,17,16,1
2020-10-12 00:00:00,1,"Fairfield",21104,20261,843,2236,45,1426,1112,314
2020-10-12 00:00:00,2,"Hartford",15949,15240,709,1787,46,1443,1121,322
2020-10-12 00:00:00,3,"Litchfield",1952,1861,91,1078,0,141,120,21
2020-10-12 00:00:00,4,"Middlesex",1714,1643,71,1054,8,193,154,39
2020-10-12 00:00:00,5,"New Haven",15223,14691,532,1775,44,1119,962,157
2020-10-12 00:00:00,6,"New London",2905,2821,84,1089,25,127,97,30
2020-10-12 00:00:00,7,"Tolland",1534,1423,111,1016,1,67,52,15
2020-10-12 00:00:00,8,"Windham",1176,1161,15,1005,3,17,16,1
2020-10-13 00:00:00,1,"Fairfield",21128,20279,849,2239,47,1427,1113,314
2020-10-13 00:00:00,2,"Hartford",16010,15299,711,1793,57,1443,1121,322
2020-10-13 00:00:00,3,"Litchfield",1956,1864,92,1080,0,142,121,21
2020-10-13 00:00:00,4,"Middlesex",1720,1649,71,1057,7,193,154,39
2020-10-13 00:00:00,5,"New Haven",15263,14726,537,1780,47,1119,962,157
2020-10-13 00:00:00,6,"New London",2918,2831,87,1094,26,129,98,31
2020-10-13 00:00:00,7,"Tolland",1535,1424,111,1017,1,67,52,15
2020-10-13 00:00:00,8,"Windham",1183,1168,15,1011,3,17,16,1
2020-10-14 00:00:00,1,"Fairfield",21183,20324,859,2244,48,1427,1113,314
2020-10-14 00:00:00,2,"Hartford",16058,15344,714,1799,61,1445,1123,322
2020-10-14 00:00:00,3,"Litchfield",1959,1867,92,1082,0,143,122,21
2020-10-14 00:00:00,4,"Middlesex",1733,1661,72,1065,8,193,154,39
2020-10-14 00:00:00,5,"New Haven",15310,14763,547,1785,46,1119,962,157
2020-10-14 00:00:00,6,"New London",2924,2834,90,1096,23,129,98,31
2020-10-14 00:00:00,7,"Tolland",1539,1428,111,1020,1,67,52,15
2020-10-14 00:00:00,8,"Windham",1193,1177,16,1019,4,17,16,1
2020-10-15 00:00:00,1,"Fairfield",21368,20503,865,2264,48,1427,1113,314
2020-10-15 00:00:00,2,"Hartford",16273,15551,722,1823,54,1445,1123,322
2020-10-15 00:00:00,3,"Litchfield",1991,1900,91,1099,0,143,122,21
2020-10-15 00:00:00,4,"Middlesex",1754,1681,73,1078,4,194,155,39
2020-10-15 00:00:00,5,"New Haven",15455,14904,551,1802,49,1119,962,157
2020-10-15 00:00:00,6,"New London",3083,2994,89,1156,23,130,98,32
2020-10-15 00:00:00,7,"Tolland",1565,1453,112,1037,1,67,52,15
2020-10-15 00:00:00,8,"Windham",1216,1201,15,1039,5,17,16,1
2020-10-18 00:00:00,1,"Fairfield",21674,20791,883,2296,51,1429,1115,314
2020-10-18 00:00:00,2,"Hartford",16568,15833,735,1856,65,1449,1126,323
2020-10-18 00:00:00,3,"Litchfield",2033,1942,91,1123,1,143,122,21
2020-10-18 00:00:00,4,"Middlesex",1809,1733,76,1112,4,195,156,39
2020-10-18 00:00:00,5,"New Haven",15680,15110,570,1828,46,1120,963,157
2020-10-18 00:00:00,6,"New London",3234,3145,89,1212,20,134,102,32
2020-10-18 00:00:00,7,"Tolland",1600,1486,114,1060,3,67,52,15
2020-10-18 00:00:00,8,"Windham",1266,1251,15,1082,5,17,16,1
2020-10-19 00:00:00,1,"Fairfield",21754,20873,881,2305,54,1428,1114,314
2020-10-19 00:00:00,2,"Hartford",16717,15975,742,1873,71,1453,1131,322
2020-10-19 00:00:00,3,"Litchfield",2051,1958,93,1132,2,143,122,21
2020-10-19 00:00:00,4,"Middlesex",1830,1752,78,1125,5,196,157,39
2020-10-19 00:00:00,5,"New Haven",15792,15225,567,1841,54,1120,963,157
2020-10-19 00:00:00,6,"New London",3281,3192,89,1230,24,134,102,32
2020-10-19 00:00:00,7,"Tolland",1617,1498,119,1071,3,68,53,15
2020-10-19 00:00:00,8,"Windham",1272,1257,15,1087,4,17,16,1
2020-10-20 00:00:00,1,"Fairfield",21898,21014,884,2320,53,1429,1115,314
2020-10-20 00:00:00,2,"Hartford",16795,16051,744,1881,76,1459,1137,322
2020-10-20 00:00:00,3,"Litchfield",2064,1971,93,1140,2,143,122,21
2020-10-20 00:00:00,4,"Middlesex",1838,1758,80,1130,3,196,157,39
2020-10-20 00:00:00,5,"New Haven",15876,15305,571,1851,51,1121,964,157
2020-10-20 00:00:00,6,"New London",3329,3238,91,1248,22,134,102,32
2020-10-20 00:00:00,7,"Tolland",1638,1517,121,1085,3,68,53,15
2020-10-20 00:00:00,8,"Windham",1280,1263,17,1094,3,17,16,1
2020-10-21 00:00:00,1,"Fairfield",22088,21195,893,2340,55,1429,1115,314
2020-10-21 00:00:00,2,"Hartford",16911,16164,747,1894,82,1459,1137,322
2020-10-21 00:00:00,3,"Litchfield",2086,1992,94,1152,3,143,122,21
2020-10-21 00:00:00,4,"Middlesex",1853,1772,81,1139,3,196,157,39
2020-10-21 00:00:00,5,"New Haven",15952,15373,579,1860,60,1122,964,158
2020-10-21 00:00:00,6,"New London",3386,3296,90,1269,23,135,103,32
2020-10-21 00:00:00,7,"Tolland",1655,1533,122,1097,2,68,53,15
2020-10-21 00:00:00,8,"Windham",1305,1288,17,1115,4,17,16,1
2020-10-22 00:00:00,1,"Fairfield",22322,21408,914,2365,56,1430,1116,314
2020-10-22 00:00:00,2,"Hartford",17062,16311,751,1911,83,1464,1142,322
2020-10-22 00:00:00,3,"Litchfield",2116,2022,94,1168,2,143,122,21
2020-10-22 00:00:00,4,"Middlesex",1873,1790,83,1151,2,196,157,39
2020-10-22 00:00:00,5,"New Haven",16073,15477,596,1874,63,1123,965,158
2020-10-22 00:00:00,6,"New London",3456,3364,92,1295,23,136,103,33
2020-10-22 00:00:00,7,"Tolland",1689,1567,122,1119,2,68,53,15
2020-10-22 00:00:00,8,"Windham",1324,1307,17,1131,2,17,16,1
2020-10-25 00:00:00,1,"Fairfield",22893,21994,899,2426,66,1431,1116,315
2020-10-25 00:00:00,2,"Hartford",17516,16754,762,1962,95,1469,1146,323
2020-10-25 00:00:00,3,"Litchfield",2192,2099,93,1210,1,143,122,21
2020-10-25 00:00:00,4,"Middlesex",1937,1853,84,1191,4,196,157,39
2020-10-25 00:00:00,5,"New Haven",16594,15997,597,1935,75,1126,968,158
2020-10-25 00:00:00,6,"New London",3660,3567,93,1372,24,138,104,34
2020-10-25 00:00:00,7,"Tolland",1724,1599,125,1142,2,68,53,15
2020-10-25 00:00:00,8,"Windham",1394,1377,17,1191,3,17,16,1
